Residuals,Location,Spp
0.8895977,Q1,lat
0.41220395,Q1,lat
0.431768249,Q1,lat
0.584366,Q1,lat
1.934970732,Q1,lat
1.14228318,Q1,lat
0.2822717,Q1,lat
0.1255433,Q1,lat
0.901688613,Q1,lat
0.56115628,Q1,lat
1.11361726,Q1,lat
0.747946792,Q1,lat
0.08222207,Q1,lat
0.23435812,Q1,lat
0.354656571,Q1,lat
0.8937723,Q1,lat
0.53971673,Q1,lat
0.52390827,Q1,lat
2.516085,Q1,lat
1.908920169,Q1,lat
1.76099916,Q1,lat
0.4450854,Q1,lat
0.02045698,Q1,lat
0.38840427,Q1,lat
0.13380192,Q1,lat
1.17625263,Q1,lat
0.220698578,Q1,lat
0.23842516,Q1,lat
0.76787238,Q1,lat
0.281516202,Q1,lat
0.8941699,Q1,lat
0.46486225,Q1,lat
0.480313014,Q1,lat
1.509582,Q1,lat
0.093560837,Q1,lat
0.52293265,Q1,lat
0.3000718,Q1,lat
0.36282971,Q1,lat
0.008099001,Q1,lat
1.02594612,Q1,lat
0.23459885,Q1,lat
0.565722558,Q1,lat
0.60384121,Q1,lat
0.6520166,Q1,lat
0.005514962,Q1,lat
0.151751,Q1,lat
0.06401033,Q1,lat
0.007245283,Q1,lat
0.2606727,Q1,lat
1.192995357,Q1,lat
0.8288084,Q1,lat
0.4008565,Q1,lat
0.91877928,Q1,lat
0.761971225,Q1,lat
1.17495188,Q1,lat
0.24560983,Q1,lat
0.065452909,Q1,lat
0.12207518,Q1,lat
0.2166403,Q1,lat
0.196584532,Q1,lat
0.8893989,Q1,lat
0.40991445,Q1,lat
0.429657607,Q1,lat
1.5876174,Q1,lat
0.063788765,Q1,lat
3.11575091,Q1,lat
1.0597649,Q1,lat
0.54564306,Q1,lat
0.750059751,Q1,lat
1.9089697,Q1,lat
0.86555585,Q1,lat
0.925434802,Q1,lat
0.99664474,Q1,lat
0.24228601,Q1,lat
0.638859011,Q1,lat
0.8782666,Q1,lat
0.28170292,Q1,lat
1.311461656,Q1,lat
0.2303,Q1,lat
0.005679403,Q1,lat
0.46566018,Q1,lat
0.3993839,Q1,lat
0.06792047,Q1,lat
0.552031831,Q1,lat
0.43602473,Q1,lat
0.20074984,Q1,lat
0.235236628,Q1,lat
0.01318631,Q1,lat
0.58624798,Q1,lat
0.024268384,Q1,lat
0.1157697,Q1,lat
0.35038767,Q1,lat
0.374780915,Q1,lat
0.6721558,Q1,lat
0.031535687,Q1,lat
0.12463736,Q1,lat
0.774588,Q1,lat
2.20351143,Q1,lat
0.204482769,Q1,lat
0.96775475,Q1,lat
0.27594322,Q1,lat
0.140123067,Q1,lat
0.0471819,Q1,lat
0.34841121,Q1,lat
0.370264149,Q1,lat
0.8786642,Q1,lat
0.2862819,Q1,lat
0.31568294,Q1,lat
0.2368029,Q1,lat
0.003198397,Q1,lat
0.34959199,Q1,lat
0.1556025,Q1,lat
0.6897068,Q1,lat
0.64447144,Q1,lat
0.90422723,Q1,lat
0.15909606,Q1,lat
0.190212648,Q1,lat
0.14454732,Q1,lat
0.27039219,Q1,lat
0.088700451,Q1,lat
1.1227274,Q1,lat
1.27025546,Q1,lat
0.300908446,Q1,lat
1.2140426,Q1,lat
0.011881918,Q1,lat
1.25583065,Q1,lat
0.1868499,Q1,lat
0.51198864,Q1,lat
1.906709992,Q1,lat
0.18665465,Q1,lat
0.59511572,Q1,lat
0.852203423,Q1,lat
0.20752038,Q1,lat
0.42588744,Q1,lat
0.143309527,Q1,lat
0.1197455,Q1,lat
0.30459784,Q1,lat
1.332568076,Q1,lat
0.7371853,Q1,lat
0.006725627,Q1,lat
0.11468076,Q1,lat
0.3244519,Q1,lat
0.87978412,Q1,lat
0.130484523,Q1,lat
0.36523509,Q1,lat
0.50751903,Q1,lat
0.18988327,Q1,lat
0.17548183,Q1,lat
0.30696906,Q1,lat
0.540575794,Q1,lat
0.1259081,Q1,lat
0.23362359,Q1,lat
0.267138174,Q1,lat
0.837981,Q1,lat
0.031729966,Q1,lat
0.01562384,Q1,lat
0.226741,Q1,lat
0.02699321,Q1,lat
0.865316174,Q1,lat
0.90867037,Q1,lat
0.66188553,Q1,lat
0.007988414,Q1,lat
0.8306106,Q1,lat
0.85273372,Q1,lat
0.260441157,Q1,lat
0.8862183,Q1,lat
0.37328259,Q1,lat
0.395887335,Q1,lat
1.639641,Q1,lat
0.043940717,Q1,lat
1.34429642,Q1,lat
0.3996561,Q1,lat
0.61537509,Q1,lat
0.221966415,Q1,lat
0.03098542,Q1,lat
0.03232565,Q1,lat
0.165242965,Q1,lat
0.05851376,Q1,lat
0.66913229,Q1,lat
0.635108327,Q1,lat
1.1261068,Q1,lat
0.2313341,Q1,lat
0.265027532,Q1,lat
1.1587676,Q1,lat
0.967029531,Q1,lat
0.94241025,Q1,lat
0.1957658,Q1,lat
1.20182043,Q1,lat
0.686432191,Q1,lat
0.42120365,Q1,lat
0.54105864,Q1,lat
0.230500404,Q1,lat
0.45174379,Q1,lat
0.03933839,Q1,lat
0.033074425,Q1,lat
0.112589,Q1,lat
1.38701954,Q1,lat
0.591448813,Q1,lat
0.6201322,Q1,lat
0.051383735,Q1,lat
0.70390815,Q1,lat
0.7346969,Q1,lat
0.85750672,Q1,lat
0.067543397,Q1,lat
0.51022953,Q1,lat
0.85728698,Q1,lat
0.800314904,Q1,lat
0.11468712,Q1,lat
0.22156494,Q1,lat
0.474014834,Q1,lat
1.1259081,Q1,lat
0.23362359,Q1,lat
1.267138174,Q1,lat
0.162019,Q1,lat
0.031729966,Q1,lat
1.38437616,Q1,lat
0.273259,Q1,lat
0.97300679,Q1,lat
0.934683826,Q1,lat
0.19132963,Q1,lat
0.36188553,Q1,lat
0.192011586,Q1,lat
0.0693894,Q1,lat
0.25273372,Q1,lat
0.039558843,Q1,lat
0.8901941,Q1,lat
0.41907242,Q1,lat
0.438100175,Q1,lat
0.4253885,Q1,lat
0.068750777,Q1,lat
0.51638547,Q1,lat
0.6497921,Q1,lat
0.5608976,Q1,lat
0.843066293,Q1,lat
0.17153423,Q1,lat
0.7488634,Q1,lat
0.715482761,Q1,lat
0.18117749,Q1,lat
0.31057444,Q1,lat
0.364796682,Q1,lat
0.1535401,Q1,lat
0.08461575,Q1,lat
1.026241061,Q1,lat
1.2899359,Q1,lat
0.204159884,Q1,lat
1.25111525,Q1,lat
0.1982953,Q1,lat
0.07810199,Q1,lat
0.127706506,Q1,lat
0.44381803,Q1,lat
0.86694818,Q1,lat
1.062845001,Q1,lat
0.06812349,Q1,lat
0.55471073,Q1,lat
0.238224772,Q1,lat
0.1159685,Q1,lat
0.34809818,Q1,lat
1.372670273,Q1,lat
0.3245928,Q1,lat
0.030295184,Q1,lat
0.68267145,Q1,lat
0.3520812,Q1,lat
0.83232507,Q1,lat
0.147265596,Q1,lat
1.10237123,Q1,lat
0.19677011,Q1,lat
0.082388923,Q1,lat
0.22604871,Q1,lat
0.5563391,Q1,lat
0.363779731,Q1,lat
0.8522248,Q1,lat
0.01822049,Q1,lat
0.965032444,Q1,lat
1.1956432,Q1,lat
0.168185297,Q1,lat
1.46812652,Q1,lat
0.1509926,Q1,lat
0.25749341,Q1,lat
0.572996067,Q1,lat
1.22252847,Q1,lat
0.82907208,Q1,lat
0.584307294,Q1,lat
0.34473891,Q1,lat
0.72480186,Q1,lat
0.226272887,Q1,lat
0.8880074,Q1,lat
0.60611199,Q1,lat
0.414883113,Q1,lat
0.6103778,Q1,lat
0.055105244,Q1,lat
1.02198957,Q1,lat
1.6022173,Q1,lat
1.45605238,Q1,lat
1.012298304,Q1,lat
0.19985158,Q1,lat
0.41976764,Q1,lat
0.667850873,Q1,lat
0.64871244,Q1,lat
0.19778126,Q1,lat
0.293468087,Q1,lat
0.1092095,Q1,lat
0.4259409,Q1,lat
0.444432101,Q1,lat
1.5648571,Q1,lat
0.072472286,Q1,lat
0.10951225,Q1,lat
0.3173126,Q1,lat
0.2473385,Q1,lat
0.187821199,Q1,lat
0.28191218,Q1,lat
0.01134406,Q1,lat
0.383018731,Q1,lat
0.15542296,Q1,lat
0.11320923,Q1,lat
0.684249936,Q1,lat
0.1213358,Q1,lat
1.2862819,Q1,lat
1.31568294,Q1,lat
0.7631971,Q1,lat
0.003198397,Q1,lat
0.35040801,Q1,lat
0.6443975,Q1,lat
0.8102932,Q1,lat
1.24447144,Q1,lat
0.29577277,Q1,lat
0.84090394,Q1,lat
0.309787352,Q1,lat
0.34454732,Q1,lat
9.82960781,Q1,lat
0.488700451,Q1,lat
1.56358561,Q1,form
0.106059336,Q1,form
0.075108534,Q1,form
0.6223752,Q1,form
0.188745961,Q1,form
0.86583848,Q1,form
0.209664967,Q1,form
1.083653731,Q1,form
0.30703555,Q1,form
0.05683895,Q1,form
1.336929485,Q1,form
0.391125604,Q1,form
0.285032983,Q1,form
0.347018078,Q1,form
2.75E-01,Q1,form
0.55955495,Q1,form
0.889035415,Q1,form
0.081057495,Q1,form
0.63173742,Q1,form
0.19059232,Q1,form
0.06154821,Q1,form
0.16822745,Q1,form
0.146599609,Q1,form
0.582222629,Q1,form
1.10165512,Q1,form
1.377186359,Q1,form
0.430167937,Q1,form
0.322686564,Q1,form
0.639782565,Q1,form
7.12E-01,Q1,form
0.33967862,Q1,form
0.011666651,Q1,form
0.067666523,Q1,form
1.60231817,Q1,form
0.144433333,Q1,form
0.12311913,Q1,form
0.795834633,Q1,form
0.427047353,Q1,form
0.649231849,Q1,form
0.01874904,Q1,form
2.370764526,Q1,form
0.454109625,Q1,form
0.381347037,Q1,form
0.030233513,Q1,form
2.54E-02,Q1,form
1.59986152,Q1,form
0.061912091,Q1,form
0.978432112,Q1,form
0.46188482,Q1,form
0.172128725,Q1,form
0.21231872,Q1,form
0.417397383,Q1,form
0.517140824,Q1,form
0.310359162,Q1,form
0.34650655,Q1,form
1.974617625,Q1,form
0.039744612,Q1,form
0.053849247,Q1,form
0.228223867,Q1,form
1.62E-01,Q1,form
0.27921875,Q1,form
0.914754608,Q1,form
0.156900934,Q1,form
0.25724847,Q1,form
0.883262059,Q1,form
2.03391953,Q1,form
1.174271883,Q1,form
0.62876447,Q1,form
0.011895464,Q1,form
0.30900847,Q1,form
1.766911426,Q1,form
0.131525363,Q1,form
0.183456679,Q1,form
0.16775684,Q1,form
2.13E-01,Q1,form
0.45274253,Q1,form
0.759046305,Q1,form
0.761295045,Q1,form
3.12016365,Q1,form
0.760479154,Q1,form
0.96270441,Q1,form
0.129866741,Q1,form
0.914665389,Q1,form
0.147564376,Q1,form
0.11071648,Q1,form
0.343993502,Q1,form
0.264789748,Q1,form
0.120506463,Q1,form
0.389999608,Q1,form
8.06E-02,Q1,form
0.70062796,Q1,form
1.060719145,Q1,form
1.127156131,Q1,form
0.69594041,Q1,form
0.874030261,Q1,form
0.49698606,Q1,form
0.181459466,Q1,form
0.256506138,Q1,form
0.04181364,Q1,form
0.4330893,Q1,form
1.468195792,Q1,form
0.2636863,Q1,form
0.004811226,Q1,form
0.398239945,Q1,form
5.06E-02,Q1,form
0.72884256,Q1,form
0.904944109,Q1,form
0.168798856,Q1,form
0.23852402,Q1,form
0.113045222,Q1,form
0.31130708,Q1,form
0.30860315,Q1,form
0.602872713,Q1,form
0.333379106,Q1,form
0.28062386,Q1,form
1.086397679,Q1,form
0.190389972,Q1,form
0.041236158,Q1,form
0.105844446,Q1,form
3.82E-02,Q1,form
0.82557834,Q1,form
0.212781878,Q1,form
1.311573914,Q1,form
0.01383065,Q1,form
0.931267405,Q1,form
0.95402644,Q1,form
0.09689645,Q1,form
0.492171629,Q1,form
0.508817193,Q1,form
0.45621185,Q1,form
1.320232719,Q1,form
0.453373993,Q1,form
0.062449788,Q1,form
0.189059881,Q1,form
1.39E-01,Q1,form
0.45677319,Q1,form
0.236048446,Q1,form
0.232755994,Q1,form
1.12952587,Q1,form
0.237674486,Q1,form
0.49009111,Q1,form
0.388429225,Q1,form
1.05171951,Q1,form
0.258306197,Q1,form
0.74446735,Q1,form
0.296263371,Q1,form
0.074252585,Q1,form
0.017147119,Q1,form
0.196801036,Q1,form
9.31E-02,Q1,form
0.67442869,Q1,form
0.028835024,Q1,form
0.088487886,Q1,form
0.63508596,Q1,form
0.862028925,Q1,form
0.16897255,Q1,form
0.150803325,Q1,form
0.247357928,Q1,form
0.338364524,Q1,form
0.32439438,Q1,form
0.070134531,Q1,form
0.217461461,Q1,form
0.349559503,Q1,form
0.015964236,Q1,form
3.08E-02,Q1,form
0.60389218,Q1,form
0.942993159,Q1,form
0.015618927,Q1,form
1.47124704,Q1,form
0.170282366,Q1,form
0.26029458,Q1,form
0.175959866,Q1,form
0.145805054,Q1,form
0.700382659,Q1,form
0.19132271,Q1,form
1.765639248,Q1,form
0.000702279,Q1,form
0.091502828,Q1,form
0.08497549,Q1,form
1.50E-01,Q1,form
0.72078125,Q1,form
1.085245392,Q1,form
0.156900934,Q1,form
0.25724847,Q1,form
0.116737941,Q1,form
0.83391953,Q1,form
0.874271883,Q1,form
0.22876447,Q1,form
0.011895464,Q1,form
0.09099153,Q1,form
0.033088574,Q1,form
0.768474637,Q1,form
0.216543321,Q1,form
0.33224316,Q1,form
1.87E-01,Q1,form
0.54947831,Q1,form
0.123227709,Q1,form
1.095929897,Q1,form
1.34485702,Q1,form
1.804791781,Q1,form
0.21998506,Q1,form
0.235366341,Q1,form
0.596035695,Q1,form
0.094631923,Q1,form
0.61369553,Q1,form
0.922171458,Q1,form
0.072226232,Q1,form
0.016820517,Q1,form
0.093215828,Q1,form
1.89E-02,Q1,form
0.62404547,Q1,form
0.032480594,Q1,form
0.985874123,Q1,form
0.48194184,Q1,form
0.161050569,Q1,form
0.17663889,Q1,form
0.168772283,Q1,form
0.439465553,Q1,form
0.045908237,Q1,form
0.28459646,Q1,form
0.766923615,Q1,form
0.005490617,Q1,form
0.079770733,Q1,form
0.449027725,Q1,form
1.13E-01,Q1,form
1.52932502,Q1,form
0.147753956,Q1,form
0.125674701,Q1,form
0.2980459,Q1,form
0.795559984,Q1,form
1.08305159,Q1,form
0.442553925,Q1,form
0.618693698,Q1,form
0.748341027,Q1,form
0.46222364,Q1,form
0.620887091,Q1,form
0.02298543,Q1,form
0.305088422,Q1,form
0.259212612,Q1,form
8.15E-02,Q1,form
0.46886516,Q1,form
0.221332697,Q1,form
0.214909112,Q1,form
0.15761254,Q1,form
0.767864592,Q1,form
0.07225119,Q1,form
0.564116675,Q1,form
0.337118125,Q1,form
0.390531659,Q1,form
0.21001885,Q1,form
0.317033991,Q1,form
0.591379582,Q1,form
0.030107862,Q1,form
0.057202965,Q1,form
1.31E-01,Q1,form
1.44266589,Q1,form
0.746783181,Q1,form
0.253577356,Q1,form
1.09675809,Q1,form
0.244136745,Q1,form
0.64423768,Q1,form
0.433460533,Q1,form
0.072030085,Q1,form
0.629290176,Q1,form
0.69867607,Q1,form
1.055364315,Q1,form
0.062395579,Q1,form
0.414640415,Q1,form
0.042998785,Q1,form
1.51E-01,Q1,form
0.59381554,Q1,form
0.069269965,Q1,form
0.030491329,Q1,form
0.55215852,Q1,form
0.174898265,Q1,form
0.92123868,Q1,form
0.379553658,Q1,form
0.611559642,Q1,form
0.023528107,Q1,form
0.4792823,Q1,form
0.535002935,Q1,form
0.298308111,Q1,form
0.202631125,Q1,form
0.248022902,Q1,form
1.88E-02,Q1,form
0.4789418,Q1,form
0.790930426,Q1,form
0.20003671,Q1,form
0.8189819,Q1,form
0.772480491,Q1,form
0.39071792,Q1,form
0.660522883,Q1,form
1.405517179,Q1,form
0.632613788,Q1,form
1.00202156,Q1,form
0.817676175,Q1,form
0.211014586,Q1,form
1.075758185,Q1,form
0.624204573,Q1,form
4.62E-01,Q1,form
0.43863523,Q1,form
1.741877932,Q1,form
0.259526317,Q1,form
0.08739587,Q1,form
0.754016896,Q1,form
1.11685099,Q1,form
0.07489805,Q1,form
1.034975964,Q1,form
0.740031997,Q1,form
0.5538599,Q1,form
0.415107441,Q1,form
0.398562089,Q1,form
1.452293996,Q1,form
0.756198142,Q1,form
3.37E-01,Q1,form
0.53940166,Q1,form
0.135490832,Q1,form
0.889197701,Q1,form
1.32145146,Q1,form
0.199824117,Q1,form
0.30151832,Q1,form
0.038960133,Q1,form
1.538670998,Q1,form
0.971486475,Q1,form
0.32573595,Q1,form
1.421529275,Q1,form
0.625379599,Q1,form
1.510954469,Q1,form
0.42621422,Q1,form
6.50E-01,Q1,form
0.45878852,Q1,form
0.766404179,Q1,form
1.770218487,Q1,form
1.13420699,Q1,form
1.236751307,Q1,form
0.75378445,Q1,form
0.132289534,Q1,form
0.279753429,Q1,form
0.186322893,Q1,form
0.77794073,Q1,form
0.616391808,Q1,form
0.406226249,Q1,form
0.264026091,Q1,form
0.690201357,Q1,form
3.99E-01,Q1,form
0.53940166,Q1,form
0.135490832,Q1,form
0.110802299,Q1,form
2.32145146,Q1,form
0.800175883,Q1,form
0.30151832,Q1,form
0.038960133,Q1,form
0.461329002,Q1,form
1.028513525,Q1,form
0.67426405,Q1,form
0.421529275,Q1,form
0.625379599,Q1,form
0.510954469,Q1,form
0.42621422,Q1,form
6.50E-01,Q1,form
0.66213121,Q1,form
0.380753304,Q1,form
0.591749664,Q1,form
0.85334027,Q1,form
0.707857909,Q1,form
0.93218365,Q1,form
0.110835966,Q1,form
0.391377074,Q1,form
0.491422481,Q1,form
0.43345575,Q1,form
0.408685608,Q1,form
0.422503777,Q1,form
0.606366477,Q1,form
0.086182064,Q1,form
2.37E-02,Q1,form
0.3598319,Q1,form
0.987140404,Q1,form
0.96207828,Q1,form
1.55550705,Q1,form
1.153665131,Q1,form
2.51381434,Q1,form
0.003022216,Q1,form
0.112317961,Q1,form
0.202940953,Q1,form
0.20533179,Q1,form
1.427951108,Q1,form
0.350678713,Q1,form
1.569614942,Q1,form
0.096230298,Q1,form
9.63E-01,Q1,form
0.37998519,Q1,form
0.037385843,Q1,form
0.008176916,Q1,form
1.49130407,Q1,form
0.162896928,Q1,form
1.84925219,Q1,form
0.2102098,Q1,form
0.202411432,Q1,form
1.756650058,Q1,form
0.57058738,Q1,form
0.226666741,Q1,form
0.155467051,Q1,form
0.757882848,Q1,form
0.162227082,Q1,form
9.00E-01,Q1,form
1.30944868,Q1,form
0.048456022,Q1,form
0.112283729,Q1,form
0.32746515,Q1,form
0.130585637,Q1,form
0.87851933,Q1,form
0.414946742,Q1,form
0.400858558,Q1,form
0.881331808,Q1,form
0.75487028,Q1,form
1.131162024,Q1,form
0.938707869,Q1,form
0.201054821,Q1,form
0.131238337,Q1,form
8.07E-02,Q1,form
1.52932502,Q1,form
0.147753956,Q1,form
0.125674701,Q1,form
2.2980459,Q1,form
0.204440016,Q1,form
0.68305159,Q1,form
0.442553925,Q1,form
0.418693698,Q1,form
0.548341027,Q1,form
0.63777636,Q1,form
0.020887091,Q1,form
0.17701457,Q1,form
0.105088422,Q1,form
0.240787388,Q1,form
1.82E-01,Q1,form
0.39409249,Q1,form
0.054554217,Q1,form
0.012644447,Q1,form
0.52407185,Q1,form
0.169359186,Q1,form
2.40339877,Q1,form
0.455241108,Q1,form
0.322722007,Q1,form
0.644246431,Q1,form
0.8862692,Q1,form
0.414232315,Q1,form
0.218818887,Q1,form
0.389670381,Q1,form
0.708424831,Q1,form
5.44E-01,Q1,form
1.4021538,Q1,form
1.935635285,Q1,form
0.975457632,Q1,form
1.4572037,Q1,form
0.173051905,Q1,form
0.15137462,Q1,form
0.961883859,Q1,form
2.051386236,Q1,form
1.465730072,Q1,form
0.57590154,Q1,form
0.694746062,Q1,form
0.559265778,Q1,form
0.164977544,Q1,form
0.065176455,Q1,form
4.69E-01,Q1,form
0.39812315,Q1,form
0.940540534,Q1,form
0.018593407,Q1,form
4.46656593,Q1,form
0.171205546,Q1,form
1.12398793,Q1,form
0.303321375,Q1,form
0.514332115,Q1,form
0.045011748,Q1,form
1.56891463,Q1,form
0.245510811,Q1,form
0.120223446,Q1,form
0.172676038,Q1,form
0.078375812,Q1,form
2.44E-01,Q1,form
1.31347934,Q1,form
1.043550772,Q1,form
0.106334768,Q1,form
0.66317263,Q1,form
0.867568003,Q1,form
1.34886737,Q1,form
1.173509225,Q1,form
0.063804437,Q1,form
0.629410013,Q1,form
1.11005412,Q1,form
0.009094849,Q1,form
0.799665537,Q1,form
0.06340124,Q1,form
0.444437694,Q1,form
3.07E-01,Q1,form
0.33363263,Q1,form
1.019024525,Q1,form
2.076589964,Q1,form
0.61636151,Q1,form
0.858336206,Q1,form
1.78580083,Q1,form
0.666321642,Q1,form
0.721466171,Q1,form
2.283119117,Q1,form
0.98597329,Q1,form
0.289620784,Q1,form
0.204453874,Q1,form
0.375133335,Q1,form
0.189565522,Q1,form
2.44E-01,Q1,form
0.65024474,Q1,form
0.999403527,Q1,form
0.052794122,Q1,form
2.42108739,Q1,form
0.149049232,Q1,form
1.69534761,Q1,form
1.500571575,Q1,form
0.630317343,Q1,form
0.326086401,Q1,form
0.80670862,Q1,form
0.328593291,Q1,form
1.148284544,Q1,form
0.024519011,Q1,form
0.136768095,Q1,form
5.91E-03,Q1,form
0.31347934,Q1,form
0.043550772,Q1,form
0.106334768,Q1,form
1.66317263,Q1,form
0.867568003,Q1,form
1.74886737,Q1,form
0.273509225,Q1,form
1.636195563,Q1,form
0.070589987,Q1,form
0.21005412,Q1,form
0.590905151,Q1,form
0.199665537,Q1,form
0.26340124,Q1,form
0.244437694,Q1,form
6.07E-01,Q1,form
0.29131073,Q1,form
1.070529644,Q1,form
0.139054052,Q1,form
2.71466486,Q1,form
0.12227702,Q1,form
1.04824055,Q1,form
1.201415567,Q1,form
0.982397895,Q1,form
1.920329998,Q1,form
0.35654303,Q1,form
0.887682046,Q1,form
0.685601635,Q1,form
0.170495936,Q1,form
0.371841231,Q1,form
7.76E-01,Q1,form
0.6683827,Q1,form
0.02147715,Q1,form
0.079564445,Q1,form
1.62104262,Q1,form
0.140740614,Q1,form
0.42210749,Q1,form
0.0129596,Q1,form
0.55293911,Q1,form
0.827748207,Q1,form
1.00838137,Q1,form
0.190250779,Q1,form
0.423975041,Q1,form
0.593960125,Q1,form
0.0038348,Q1,form
5.50E-01,Q1,form
0.2892954,Q1,form
1.072982269,Q1,form
0.857971467,Q1,form
0.71934597,Q1,form
0.12135384,Q1,form
1.98454721,Q1,form
0.622134325,Q1,form
0.313870834,Q1,form
0.435040912,Q1,form
2.07895111,Q1,form
0.732446391,Q1,form
1.333919532,Q1,form
0.389322727,Q1,form
0.134758448,Q1,form
4.82E-01,Q1,form
0.10388516,Q1,form
0.701376257,Q1,form
0.584319274,Q1,form
1.15000826,Q1,form
0.036421305,Q1,form
1.02475931,Q1,form
0.171739908,Q1,form
0.009381244,Q1,form
0.029164673,Q1,form
0.64049476,Q1,form
0.315737436,Q1,form
0.329866826,Q1,form
0.521387457,Q1,form
0.341928864,Q1,form
5.58E-01,Q1,form
0.74698052,Q1,form
0.117129514,Q1,form
0.804430821,Q1,form
0.19639402,Q1,form
1.104736605,Q1,form
0.76193304,Q1,form
0.495071975,Q1,form
0.01961626,Q1,form
0.8682827,Q1,form
0.18229661,Q1,form
0.605241749,Q1,form
0.485300524,Q1,form
0.228204956,Q1,form
0.15355266,Q1,form
1.95E-01,Q1,form
0.2610808,Q1,form
0.892680985,Q1,form
0.183671258,Q1,form
0.78488154,Q1,form
0.108429324,Q1,form
1.09284035,Q1,form
0.812196942,Q1,form
0.654491983,Q1,form
0.989766342,Q1,form
0.69266428,Q1,form
0.485755496,Q1,form
1.507215859,Q1,form
0.352897794,Q1,form
0.327153946,Q1,form
1.70E-01,Q1,form
0.56358561,Q1,form
1.106059336,Q1,form
0.075108534,Q1,form
1.3776248,Q1,form
0.188745961,Q1,form
1.83416152,Q1,form
0.409664967,Q1,form
0.183653731,Q1,form
0.09296445,Q1,form
0.55683895,Q1,form
0.263070515,Q1,form
0.508874396,Q1,form
0.414967017,Q1,form
0.152981922,Q1,form
1.75E-01,Q1,form
0.15426837,Q1,form
0.762691875,Q1,form
0.658681283,Q1,form
2.03298046,Q1,form
0.059500798,Q1,form
0.41709298,Q1,form
0.310291134,Q1,form
0.122557763,Q1,form
0.744891912,Q1,form
0.01970732,Q1,form
0.681051647,Q1,form
0.84183767,Q1,form
0.350717693,Q1,form
0.476936903,Q1,form
1.01E-01,Q1,form
0.60993817,Q1,form
1.049648967,Q1,form
1.006695486,Q1,form
2.48529038,Q1,form
0.832487173,Q1,form
0.86921454,Q1,form
0.786196409,Q1,form
0.140223872,Q1,form
0.33350461,Q1,form
0.35854696,Q1,form
0.073975442,Q1,form
0.457861219,Q1,form
0.4479832,Q1,form
0.095225474,Q1,form
6.89E-02,Q1,form
0.31549467,Q1,form
1.041098148,Q1,form
0.896639712,Q1,form
2.65849151,Q1,form
1.133355177,Q1,form
1.61256071,Q1,form
0.552790467,Q1,form
0.804722624,Q1,form
1.184780923,Q1,form
2.88764603,Q1,form
0.670776714,Q1,form
0.88014437,Q1,form
0.35542555,Q1,form
0.351037372,Q1,form
1.01E-01,Q1,form
0.6260608,Q1,form
0.030027969,Q1,form
0.017100357,Q1,form
0.47726073,Q1,form
0.160127389,Q1,form
1.15966777,Q1,form
0.551946475,Q1,form
0.807992614,Q1,form
0.009462674,Q1,form
0.83781163,Q1,form
0.387052051,Q1,form
0.514030549,Q1,form
0.598597524,Q1,form
0.457571953,Q1,form
8.10E-02,Q1,form
0.41827643,Q1,form
0.083985713,Q1,form
0.048338211,Q1,form
3.41975481,Q1,form
0.180437343,Q1,form
1.7609214,Q1,form
0.296133792,Q1,form
0.499602723,Q1,form
0.908697356,Q1,form
0.5448338,Q1,form
0.355773555,Q1,form
0.384564892,Q1,form
0.584408132,Q1,form
0.412379028,Q1,form
2.81E-01,Q1,form
0.89409951,Q1,form
1.703828882,Q1,form
1.587293754,Q1,form
1.85467285,Q1,form
0.037344484,Q1,form
1.18845265,Q1,form
0.107541334,Q1,form
0.222091695,Q1,form
0.626206238,Q1,form
2.11808667,Q1,form
1.535865873,Q1,form
0.58965434,Q1,form
0.002560666,Q1,form
0.064670814,Q1,form
5.16E-02,Q1,form
0.19860561,Q1,form
0.816649619,Q1,form
1.275880149,Q1,form
0.929996,Q1,form
0.079810752,Q1,form
0.4816534,Q1,form
0.35447845,Q1,form
1.2301531,Q1,form
0.626731882,Q1,form
0.01268515,Q1,form
0.161773959,Q1,form
0.887627988,Q1,form
0.763471699,Q1,form
0.568256023,Q1,form
1.36E-01,Q1,form
0.29918058,Q1,form
0.210851313,Q1,form
0.9894232,Q1,form
0.91376937,Q1,form
1.148214642,Q1,form
0.68608996,Q1,form
0.527988241,Q1,form
0.303969093,Q1,form
1.203346761,Q1,form
0.47788863,Q1,form
1.590050103,Q1,form
1.565899925,Q1,form
0.913254435,Q1,form
0.161864552,Q1,form
2.10E-01,Q1,form
0.21674356,Q1,form
0.161276759,Q1,form
0.249109826,Q1,form
0.112134,Q1,form
0.08811937,Q1,form
0.30841328,Q1,form
0.631990375,Q1,form
0.253103353,Q1,form
0.871606312,Q1,form
0.21435789,Q1,form
0.742929889,Q1,form
1.163318484,Q1,form
0.832912814,Q1,form
0.227653129,Q1,form
3.93E-01,Q1,form
0.28324941,Q1,form
0.080340143,Q1,form
0.150951974,Q1,form
2.7333893,Q1,form
0.118584301,Q1,form
0.09346717,Q1,form
0.6842906,Q1,form
0.591710348,Q1,form
0.401153644,Q1,form
0.64617536,Q1,form
0.892831701,Q1,form
0.00751697,Q1,form
0.254196902,Q1,form
0.545442517,Q1,form
6.81E-04,Q1,form
0.36789322,Q1,form
1.022670095,Q1,form
0.026023798,Q1,form
0.46321739,Q1,form
0.84264215,Q1,form
0.26858773,Q1,form
0.21410275,Q1,form
0.913573796,Q1,form
1.475575405,Q1,form
0.29496413,Q1,form
0.547437361,Q1,form
0.427405952,Q1,form
0.055077896,Q1,form
0.077370989,Q1,form
3.62E-01,Q1,form
0.78930242,Q1,form
0.831365367,Q1,form
0.741966733,Q1,form
1.09809067,Q1,form
0.08534983,Q1,form
0.40050668,Q1,form
0.2301659,Q1,form
0.441315464,Q1,form
0.205493581,Q1,form
0.85286635,Q1,form
1.017455421,Q1,form
0.004754985,Q1,form
0.023567558,Q1,form
0.507854093,Q1,form
1.26E-01,Q1,form
0.18046765,Q1,form
0.794575996,Q1,form
0.302650472,Q1,form
0.02787399,Q1,form
1.071502134,Q1,form
0.74510648,Q1,form
0.659052725,Q1,form
0.986590447,Q1,form
1.525070076,Q1,form
0.2889876,Q1,form
0.519381971,Q1,form
0.211937491,Q1,form
0.105969416,Q1,form
0.408858917,Q1,form
1.20E-01,Q1,form
0.2892954,Q1,form
0.927017731,Q1,form
0.857971467,Q1,form
2.28065403,Q1,form
0.12135384,Q1,form
1.01545279,Q1,form
0.677865675,Q1,form
1.286129166,Q1,form
0.135040912,Q1,form
0.32104889,Q1,form
0.767553609,Q1,form
0.866080468,Q1,form
0.210677273,Q1,form
0.365241552,Q1,form
3.18E-01,Q1,form
0.03315719,Q1,form
0.465402224,Q1,form
0.617945391,Q1,form
1.46832387,Q1,form
0.026354917,Q1,form
1.59361173,Q1,form
0.537135659,Q1,form
0.049541113,Q1,form
0.594386583,Q1,form
0.86424441,Q1,form
0.447003743,Q1,form
0.957306131,Q1,form
0.701609213,Q1,form
0.009293002,Q1,form
6.16E-01,Q1,form
0.23488152,Q1,form
0.139203136,Q1,form
0.222339502,Q1,form
0.15426401,Q1,form
0.096427987,Q1,form
0.26482684,Q1,form
0.0815408,Q1,form
0.763640193,Q1,form
1.169944506,Q1,form
0.78396936,Q1,form
0.724085819,Q1,form
0.63900898,Q1,form
0.297646071,Q1,form
0.612949766,Q1,form
5.49E-01,Q1,form
0.33363263,Q1,form
0.019024525,Q1,form
0.076589964,Q1,form
0.38363849,Q1,form
0.141663794,Q1,form
0.08580083,Q1,form
0.233678358,Q1,form
0.521466171,Q1,form
0.583119117,Q1,form
0.31402671,Q1,form
0.089620784,Q1,form
0.204453874,Q1,form
0.224866665,Q1,form
0.310434478,Q1,form
1.56E-01,Q1,form
1.93037543,Q1,form
0.659681637,Q1,form
0.533753107,Q1,form
0.22958716,Q1,form
0.020727249,Q1,form
0.14197241,Q1,form
0.480478984,Q1,form
0.255578789,Q1,form
0.77047015,Q1,form
0.52143217,Q1,form
0.926445987,Q1,form
0.161726652,Q1,form
0.241442896,Q1,form
0.354123398,Q1,form
6.43E-02,Q1,form
0.42029176,Q1,form
0.086438338,Q1,form
0.051312691,Q1,form
0.5849263,Q1,form
0.181360523,Q1,form
0.17538526,Q1,form
0.124584966,Q1,form
0.268129783,Q1,form
0.064068266,Q1,form
0.22242572,Q1,form
1.224098008,Q1,form
0.265043726,Q1,form
0.165581342,Q1,form
0.194220651,Q1,form
2.25E-01,Q1,form
0.86991557,Q1,form
0.266739622,Q1,form
0.377012482,Q1,form
1.08915381,Q1,form
0.048422641,Q1,form
0.05277281,Q1,form
0.358916234,Q1,form
0.400233034,Q1,form
0.490657163,Q1,form
0.44918968,Q1,form
1.222592887,Q1,form
0.276091665,Q1,form
0.47663918,Q1,form
0.056133044,Q1,form
2.24E-01,Q1,form
0.8719309,Q1,form
0.269192246,Q1,form
0.379986962,Q1,form
0.09383492,Q1,form
0.047499461,Q1,form
0.18907947,Q1,form
0.120365008,Q1,form
0.768294027,Q1,form
0.535286252,Q1,form
0.42840224,Q1,form
0.057278676,Q1,form
0.404387169,Q1,form
0.30453403,Q1,form
0.462732723,Q1,form
1.17E-01,Q1,form
0.37192387,Q1,form
0.027575345,Q1,form
1.020074837,Q1,form
1.47257962,Q1,form
0.159204209,Q1,form
0.09597442,Q1,form
0.072665234,Q1,form
0.423480325,Q1,form
0.464833584,Q1,form
0.13978029,Q1,form
0.207180488,Q1,form
0.133551716,Q1,form
0.182575685,Q1,form
0.235828368,Q1,form
3.25E-01,Q1,form
0.36184723,Q1,form
0.015312221,Q1,form
0.034947239,Q1,form
0.44917406,Q1,form
0.15458831,Q1,form
0.17750769,Q1,form
0.523740975,Q1,form
0.080845021,Q1,form
0.758311864,Q1,form
0.02773988,Q1,form
0.192177329,Q1,form
0.068842453,Q1,form
0.188441733,Q1,form
0.002829976,Q1,form
5.65E-02,Q1,form
0.71675059,Q1,form
0.919659857,Q1,form
0.150951974,Q1,form
0.2666107,Q1,form
0.118584301,Q1,form
0.39346717,Q1,form
0.3157094,Q1,form
0.191710348,Q1,form
0.298846356,Q1,form
0.54617536,Q1,form
0.692831701,Q1,form
0.09248303,Q1,form
0.354196902,Q1,form
0.054557483,Q1,form
3.99E-01,Q1,form
0.02528734,Q1,form
3.394276107,Q1,form
0.531685461,Q1,form
0.66742838,Q1,form
0.000417295,Q1,form
0.04071879,Q1,form
0.436291667,Q1,form
0.636825875,Q1,form
1.01136982,Q1,form
0.21441,Q1,form
2.430728406,Q1,form
0.908807691,Q1,form
1.555632288,Q1,form
0.000683677,Q1,form
2.00E-03,Q1,form
0.49082827,Q1,form
0.172280203,Q1,form
0.155419504,Q1,form
1.74876522,Q1,form
0.213671813,Q1,form
0.24611812,Q1,form
0.150258492,Q1,form
0.56657691,Q1,form
0.002050132,Q1,form
0.76185719,Q1,form
0.780397275,Q1,form
0.418197093,Q1,form
0.193356327,Q1,form
0.125209396,Q1,form
1.44E-01,Q1,form
0.48901845,Q1,form
0.80319355,Q1,form
0.185164308,Q1,form
1.79557634,Q1,form
1.222903611,Q1,form
0.60918466,Q1,form
0.143070909,Q1,form
0.251847517,Q1,form
0.255759236,Q1,form
0.38593802,Q1,form
0.581681642,Q1,form
0.313408755,Q1,form
0.281624233,Q1,form
0.108793819,Q1,form
2.07E-01,Q1,form
0.56761626,Q1,form
0.898845914,Q1,form
0.930840426,Q1,form
0.38698703,Q1,form
0.186899601,Q1,form
0.69322518,Q1,form
0.148897516,Q1,form
0.479292148,Q1,form
0.796293729,Q1,form
0.58797722,Q1,form
0.296672612,Q1,form
0.147916728,Q1,form
0.447379402,Q1,form
0.033818722,Q1,form
6.26E-02,Q1,form
0.45253702,Q1,form
0.125680333,Q1,form
1.098904377,Q1,form
1.65982409,Q1,form
0.196131398,Q1,form
0.65629171,Q1,form
0.2439149,Q1,form
0.064562755,Q1,form
0.149997167,Q1,form
0.26389639,Q1,form
0.897956979,Q1,form
0.147294934,Q1,form
0.135647307,Q1,form
0.100184494,Q1,form
7.48E-02,Q1,form
0.48679761,Q1,form
0.167374954,Q1,form
0.850529456,Q1,form
0.26059701,Q1,form
0.211825454,Q1,form
0.87350482,Q1,form
0.108303991,Q1,form
0.929522788,Q1,form
0.791308311,Q1,form
0.21704103,Q1,form
0.940140402,Q1,form
0.77915476,Q1,form
0.255702746,Q1,form
0.087989961,Q1,form
3.16E-02,Q1,form
0.41626111,Q1,form
1.081533088,Q1,form
0.045363731,Q1,form
0.57556408,Q1,form
0.179514163,Q1,form
0.09722805,Q1,form
0.01685255,Q1,form
0.731075662,Q1,form
0.746673555,Q1,form
0.43275812,Q1,form
0.835645119,Q1,form
0.595913942,Q1,form
0.003234923,Q1,form
0.218978706,Q1,form
6.12E-01,Q1,form
0.49707976,Q1,form
0.186995951,Q1,form
0.173266386,Q1,form
0.77685189,Q1,form
0.219210892,Q1,form
1.56395804,Q1,form
0.025945942,Q1,form
0.022260726,Q1,form
0.634275594,Q1,form
0.99630569,Q1,form
0.501167895,Q1,form
0.23532409,Q1,form
0.406317071,Q1,form
0.235192533,Q1,form
8.17E-02,Q1,form
0.46261367,Q1,form
1.137943457,Q1,form
0.113776779,Q1,form
0.68322965,Q1,form
0.200747297,Q1,form
0.26217502,Q1,form
0.159678891,Q1,form
0.392801941,Q1,form
0.373142614,Q1,form
0.05185597,Q1,form
0.398599162,Q1,form
0.244900765,Q1,form
0.07021874,Q1,form
0.132813898,Q1,form
5.65E-02,Q1,form
0.53940166,Q1,form
0.135490832,Q1,form
0.110802299,Q1,form
0.32145146,Q1,form
0.199824117,Q1,form
0.39848168,Q1,form
0.461039867,Q1,form
0.538670998,Q1,form
0.228513525,Q1,form
0.92573595,Q1,form
0.478470725,Q1,form
0.125379599,Q1,form
0.210954469,Q1,form
0.57378578,Q1,form
1.50E-01,Q1,form
0.47491114,Q1,form
0.213974823,Q1,form
0.794014329,Q1,form
0.17165588,Q1,form
0.229365869,Q1,form
0.46333123,Q1,form
0.1019604,Q1,form
0.931536943,Q1,form
0.043355609,Q1,form
0.1427946,Q1,form
0.077419301,Q1,form
0.350056919,Q1,form
0.113411767,Q1,form
0.36259607,Q1,form
4.94E-02,Q1,form
0.51098155,Q1,form
0.80319355,Q1,form
0.185164308,Q1,form
0.79557634,Q1,form
0.777096389,Q1,form
0.39081534,Q1,form
0.156929091,Q1,form
0.351847517,Q1,form
0.055759236,Q1,form
0.28593802,Q1,form
0.118318358,Q1,form
0.113408755,Q1,form
0.281624233,Q1,form
0.208793819,Q1,form
5.07E-01,Q1,form
0.45656768,Q1,form
0.130585583,Q1,form
0.104853338,Q1,form
0.66918632,Q1,form
0.197977758,Q1,form
1.37109498,Q1,form
0.097522616,Q1,form
0.501616877,Q1,form
0.039255346,Q1,form
1.78091978,Q1,form
0.338213852,Q1,form
0.086337267,Q1,form
0.073300888,Q1,form
0.013014863,Q1,form
3.38E-01,Q1,form
0.27921875,Q1,form
0.085245392,Q1,form
1.156900934,Q1,form
0.25724847,Q1,form
0.116737941,Q1,form
0.06608047,Q1,form
0.225728117,Q1,form
0.12876447,Q1,form
0.088104536,Q1,form
0.10900847,Q1,form
1.066911426,Q1,form
0.368474637,Q1,form
0.283456679,Q1,form
0.66775684,Q1,form
2.87E-01,Q1,form
0.37796986,Q1,form
0.034933219,Q1,form
0.011151396,Q1,form
0.48662295,Q1,form
0.161973748,Q1,form
0.38705446,Q1,form
0.489491041,Q1,form
0.270938493,Q1,form
0.298720853,Q1,form
0.50700454,Q1,form
0.353204822,Q1,form
0.325011783,Q1,form
0.239056057,Q1,form
0.944372596,Q1,form
6.45E-03,Q1,form
0.34169394,Q1,form
0.009214026,Q1,form
0.064692043,Q1,form
0.59763706,Q1,form
0.145356513,Q1,form
0.05942578,Q1,form
0.116553391,Q1,form
0.095574414,Q1,form
0.404602759,Q1,form
0.50365905,Q1,form
0.490892962,Q1,form
0.126369209,Q1,form
0.199826173,Q1,form
0.036833192,Q1,form
1.91E-02,Q1,form
0.72279657,Q1,form
0.087698017,Q1,form
0.159875415,Q1,form
0.25256736,Q1,form
0.884185238,Q1,form
0.09761287,Q1,form
0.053553125,Q1,form
0.802708469,Q1,form
0.532733625,Q1,form
0.61339961,Q1,form
0.446782989,Q1,form
0.048953471,Q1,form
0.19771653,Q1,form
0.225643482,Q1,form
2.81E-01,Q1,form
0.62807613,Q1,form
0.027575345,Q1,form
0.020074837,Q1,form
0.47257962,Q1,form
0.840795791,Q1,form
0.80402558,Q1,form
0.572665234,Q1,form
1.076519675,Q1,form
0.835166416,Q1,form
0.43978029,Q1,form
0.292819512,Q1,form
0.766448284,Q1,form
0.117424315,Q1,form
0.164171632,Q1,form
2.25E-01,Q1,form
0.38401585,Q1,form
1.042291093,Q1,form
0.002227955,Q1,form
0.50066629,Q1,form
0.164743288,Q1,form
0.9218655,Q1,form
0.048352684,Q1,form
0.13464269,Q1,form
0.432608122,Q1,form
0.12577121,Q1,form
0.613590132,Q1,form
0.016424718,Q1,form
0.004463571,Q1,form
0.124573561,Q1,form
1.12E-01,Q1,form
0.22480488,Q1,form
0.15146626,Q1,form
0.237211904,Q1,form
0.86914155,Q1,form
0.091812089,Q1,form
0.54636011,Q1,form
0.114865408,Q1,form
0.27899511,Q1,form
0.106910046,Q1,form
0.20399023,Q1,form
0.123443636,Q1,form
0.341403149,Q1,form
0.108219976,Q1,form
0.054051842,Q1,form
2.18E-01,Q1,form
0.41223045,Q1,form
0.076627839,Q1,form
0.03941477,Q1,form
1.56620186,Q1,form
0.177667804,Q1,form
0.16984136,Q1,form
0.058290067,Q1,form
0.50597846,Q1,form
0.157415375,Q1,form
0.08794195,Q1,form
1.095388245,Q1,form
0.043128391,Q1,form
0.359111496,Q1,form
0.032178063,Q1,form
2.30E-05,Q1,form
0.42633775,Q1,form
1.093796212,Q1,form
0.060236132,Q1,form
1.59896964,Q1,form
0.184130062,Q1,form
0.78430522,Q1,form
0.086741241,Q1,form
0.426289034,Q1,form
0.369819002,Q1,form
0.34479853,Q1,form
0.636287302,Q1,form
0.293519773,Q1,form
0.00910097,Q1,form
0.385980314,Q1,form
2.44E-01,Q1,form
0.3034027,Q1,form
0.055813896,Q1,form
0.12120717,Q1,form
0.31342181,Q1,form
0.127816098,Q1,form
0.33040063,Q1,form
0.077103017,Q1,form
0.493560259,Q1,form
0.552555461,Q1,form
0.12209453,Q1,form
0.408452666,Q1,form
0.302728632,Q1,form
0.357535193,Q1,form
1.088560699,Q1,form
3.81E-02,Q1,form
1.22883554,Q1,form
0.14656101,Q1,form
1.231262944,Q1,form
1.14022067,Q1,form
0.093658448,Q1,form
0.9262532,Q1,form
0.556302925,Q1,form
0.658059011,Q1,form
0.296168225,Q1,form
0.84880639,Q1,form
1.263700509,Q1,form
0.680445481,Q1,form
0.145873557,Q1,form
0.432748801,Q1,form
6.97E-02,Q1,form
0.33967862,Q1,form
1.011666651,Q1,form
1.067666523,Q1,form
0.39768183,Q1,form
0.144433333,Q1,form
0.07688087,Q1,form
0.395834633,Q1,form
0.072952647,Q1,form
0.249231849,Q1,form
0.18125096,Q1,form
0.970764526,Q1,form
0.554109625,Q1,form
0.218652963,Q1,form
0.269766487,Q1,form
2.54E-02,Q1,form
0.33564796,Q1,form
1.0165719,Q1,form
1.073615484,Q1,form
0.6116804,Q1,form
0.142586974,Q1,form
0.25050582,Q1,form
0.054397116,Q1,form
0.010006769,Q1,form
0.261509972,Q1,form
0.3635652,Q1,form
0.469492348,Q1,form
0.015067292,Q1,form
0.056306544,Q1,form
0.382965844,Q1,form
6.21E-02,Q1,form
0.46059834,Q1,form
0.135490832,Q1,form
0.110802299,Q1,form
1.67854854,Q1,form
0.199824117,Q1,form
0.40151832,Q1,form
0.338960133,Q1,form
0.138670998,Q1,form
1.128513525,Q1,form
0.02573595,Q1,form
0.378470725,Q1,form
0.074620401,Q1,form
0.089045531,Q1,form
0.37378578,Q1,form
4.98E-02,Q1,form
0.27115744,Q1,form
1.095055891,Q1,form
0.168798856,Q1,form
0.23852402,Q1,form
0.113045222,Q1,form
0.01130708,Q1,form
0.30860315,Q1,form
0.597127287,Q1,form
0.766620894,Q1,form
0.68062386,Q1,form
0.186397679,Q1,form
0.090389972,Q1,form
0.258763842,Q1,form
0.494155554,Q1,form
3.38E-01,Q1,form
0.28123408,Q1,form
1.082792768,Q1,form
0.153926454,Q1,form
1.26192958,Q1,form
0.117661121,Q1,form
0.92977382,Q1,form
0.605009359,Q1,form
0.939762591,Q1,form
0.156524554,Q1,form
0.23141655,Q1,form
0.787039862,Q1,form
0.487995803,Q1,form
1.164629889,Q1,form
0.361157161,Q1,form
2.07E-01,Q1,form
0.1243177,Q2,lat
0.748060473,Q2,lat
0.71597669,Q2,lat
1.1880308,Q2,lat
0.021805942,Q2,lat
0.520103406,Q2,lat
0.19320455,Q2,lat
0.257502282,Q2,lat
0.82069691,Q2,lat
0.2523375,Q2,lat
0.02850063,Q2,lat
1.0721075,Q2,lat
1.03845489,Q2,lat
0.01068942,Q2,lat
0.008565815,Q2,lat
0.1267032,Q2,lat
0.775534373,Q2,lat
0.74130439,Q2,lat
0.1490131,Q2,lat
0.036691978,Q2,lat
0.683487464,Q2,lat
0.2367138,Q2,lat
0.311738668,Q2,lat
1.15832272,Q2,lat
0.7108257,Q2,lat
3.07857798,Q2,lat
0.19803637,Q2,lat
0.11514335,Q2,lat
0.08444528,Q2,lat
0.186378829,Q2,lat
0.8534176,Q2,lat
0.004483541,Q2,lat
0.04763141,Q2,lat
0.8238657,Q2,lat
0.160742279,Q2,lat
3.78007805,Q2,lat
0.9139666,Q2,lat
1.130375217,Q2,lat
0.98348625,Q2,lat
1.8982274,Q2,lat
1.69588924,Q2,lat
0.94923536,Q2,lat
0.32846197,Q2,lat
0.17723451,Q2,lat
0.534820606,Q2,lat
0.1064264,Q2,lat
0.457993779,Q2,lat
0.47398109,Q2,lat
1.4806635,Q2,lat
0.089839328,Q2,lat
0.002965067,Q2,lat
0.06759218,Q2,lat
0.450729387,Q2,lat
0.23665591,Q2,lat
0.6636759,Q2,lat
1.90292049,Q2,lat
0.10181341,Q2,lat
0.44044165,Q2,lat
0.37580028,Q2,lat
0.324968215,Q2,lat
0.1253117,Q2,lat
0.240492069,Q2,lat
0.2734701,Q2,lat
1.1717735,Q2,lat
0.028008457,Q2,lat
1.889726123,Q2,lat
1.10573857,Q2,lat
0.313434109,Q2,lat
0.62056127,Q2,lat
1.0017076,Q2,lat
0.87563381,Q2,lat
0.04045244,Q2,lat
0.16721104,Q2,lat
0.92895004,Q2,lat
0.240987904,Q2,lat
0.1072216,Q2,lat
0.448835812,Q2,lat
0.46553852,Q2,lat
1.4676576,Q2,lat
0.084877316,Q2,lat
0.82917131,Q2,lat
0.1576194,Q2,lat
0.364525151,Q2,lat
0.97033755,Q2,lat
0.283172,Q2,lat
0.31961294,Q2,lat
0.70813863,Q2,lat
0.85590891,Q2,lat
0.29248815,Q2,lat
0.050905887,Q2,lat
0.1076192,Q2,lat
0.444256829,Q2,lat
0.46131724,Q2,lat
0.4611547,Q2,lat
0.08239631,Q2,lat
0.654760502,Q2,lat
1.00263301,Q2,lat
0.17784758,Q2,lat
0.07383428,Q2,lat
1.54292,Q2,lat
0.52204084,Q2,lat
0.56311465,Q2,lat
0.21364253,Q2,lat
0.17663237,Q2,lat
0.263874722,Q2,lat
0.8895977,Q2,lat
0.412203945,Q2,lat
0.43176825,Q2,lat
1.415634,Q2,lat
0.065029268,Q2,lat
1.042283184,Q2,lat
0.21772826,Q2,lat
0.125543303,Q2,lat
0.19831139,Q2,lat
0.5611563,Q2,lat
0.21361726,Q2,lat
0.64794679,Q2,lat
0.11777793,Q2,lat
0.06564188,Q2,lat
0.045343429,Q2,lat
0.8762787,Q2,lat
0.258808002,Q2,lat
1.29035524,Q2,lat
1.1977852,Q2,lat
0.018084433,Q2,lat
1.353998876,Q2,lat
0.32568413,Q2,lat
0.443943185,Q2,lat
0.33454818,Q2,lat
0.9627154,Q2,lat
1.10901871,Q2,lat
0.13964347,Q2,lat
0.20185445,Q2,lat
0.1344731,Q2,lat
0.110887438,Q2,lat
0.1012579,Q2,lat
0.517520563,Q2,lat
0.52885778,Q2,lat
1.4347981,Q2,lat
0.122092407,Q2,lat
0.388148485,Q2,lat
0.31758472,Q2,lat
0.800116116,Q2,lat
0.31788661,Q2,lat
1.1869515,Q2,lat
0.25558044,Q2,lat
0.48349832,Q2,lat
0.5899045,Q2,lat
0.23032492,Q2,lat
0.056373353,Q2,lat
1.1046373,Q2,lat
0.478599204,Q2,lat
0.49297687,Q2,lat
1.4900732,Q2,lat
0.101003855,Q2,lat
0.325271914,Q2,lat
0.36503095,Q2,lat
0.210052097,Q2,lat
0.29760881,Q2,lat
0.3948098,Q2,lat
0.40963753,Q2,lat
0.1007945,Q2,lat
0.43064033,Q2,lat
0.09555075,Q2,lat
0.066608455,Q2,lat
0.8788629,Q2,lat
0.288571394,Q2,lat
0.31779358,Q2,lat
3.7599456,Q2,lat
0.001957894,Q2,lat
0.7084421,Q2,lat
0.56690432,Q2,lat
0.518520434,Q2,lat
0.09272308,Q2,lat
0.4256468,Q2,lat
2.23826918,Q2,lat
0.06770066,Q2,lat
0.67658587,Q2,lat
0.2375357,Q2,lat
0.204815131,Q2,lat
0.8796581,Q2,lat
0.297729361,Q2,lat
0.32623615,Q2,lat
0.2530603,Q2,lat
0.003004118,Q2,lat
0.340578477,Q2,lat
0.05693153,Q2,lat
0.933774972,Q2,lat
0.61427038,Q2,lat
0.8548571,Q2,lat
0.95496163,Q2,lat
0.5223473,Q2,lat
0.56111861,Q2,lat
0.06924727,Q2,lat
0.22112254,Q2,lat
1.1058301,Q2,lat
0.464862254,Q2,lat
0.48031301,Q2,lat
0.509582,Q2,lat
0.093560837,Q2,lat
0.622932651,Q2,lat
0.20007177,Q2,lat
0.36282971,Q2,lat
0.791901,Q2,lat
0.1740539,Q2,lat
1.13459885,Q2,lat
0.23427744,Q2,lat
0.70384121,Q2,lat
0.1479834,Q2,lat
0.005514962,Q2,lat
0.1024506,Q2,lat
1.503783612,Q2,lat
1.51619393,Q2,lat
0.545693,Q2,lat
0.114649389,Q2,lat
1.33635305,Q2,lat
0.3174561,Q2,lat
0.227002077,Q2,lat
0.1283768,Q2,lat
0.3661956,Q2,lat
0.18054177,Q2,lat
0.54842638,Q2,lat
0.66310538,Q2,lat
0.28275757,Q2,lat
0.10472014,Q2,lat
0.1215346,Q2,lat
0.716007589,Q2,lat
0.6864277,Q2,lat
0.2335515,Q2,lat
0.0044389,Q2,lat
1.192373912,Q2,lat
0.27810929,Q2,lat
0.039106835,Q2,lat
0.3037802,Q2,lat
0.2658988,Q2,lat
0.22007705,Q2,lat
0.38727536,Q2,lat
0.3343195,Q2,lat
0.52167991,Q2,lat
0.117783966,Q2,lat
1.1044385,Q2,lat
0.480888696,Q2,lat
0.49508751,Q2,lat
1.5131783,Q2,lat
0.102244358,Q2,lat
0.216693991,Q2,lat
0.34252414,Q2,lat
0.461134268,Q2,lat
0.34586045,Q2,lat
0.8649358,Q2,lat
0.01118936,Q2,lat
0.12330649,Q2,lat
0.65177351,Q2,lat
0.10347865,Q2,lat
0.139875962,Q2,lat
0.8794593,Q2,lat
0.295439869,Q2,lat
0.67587449,Q2,lat
0.2498088,Q2,lat
0.001763615,Q2,lat
0.317455617,Q2,lat
0.03442473,Q2,lat
0.004961337,Q2,lat
0.26252202,Q2,lat
1.1847312,Q2,lat
0.47578852,Q2,lat
0.49983531,Q2,lat
1.23998543,Q2,lat
0.76131937,Q2,lat
0.014638122,Q2,lat
0.876875,Q2,lat
0.265676477,Q2,lat
0.29668716,Q2,lat
1.2075397,Q2,lat
0.014362924,Q2,lat
0.171898841,Q2,lat
0.45816372,Q2,lat
0.569615911,Q2,lat
0.51020672,Q2,lat
0.3730934,Q2,lat
0.14653805,Q2,lat
0.30717944,Q2,lat
0.56525401,Q2,lat
0.04174322,Q2,lat
0.269659309,Q2,lat
0.8796581,Q2,lat
0.702270639,Q2,lat
0.32623615,Q2,lat
0.2530603,Q2,lat
0.003004118,Q2,lat
1.240578477,Q2,lat
0.45693153,Q2,lat
0.066225028,Q2,lat
0.08572962,Q2,lat
0.2548571,Q2,lat
0.55496163,Q2,lat
0.0223473,Q2,lat
0.03888139,Q2,lat
0.16924727,Q2,lat
0.27887746,Q2,lat
0.8762787,Q2,lat
0.258808002,Q2,lat
0.29035524,Q2,lat
0.1977852,Q2,lat
0.018084433,Q2,lat
0.453998876,Q2,lat
0.07431587,Q2,lat
0.156056815,Q2,lat
0.16545182,Q2,lat
0.6627154,Q2,lat
1.00901871,Q2,lat
0.13964347,Q2,lat
0.20185445,Q2,lat
0.2344731,Q2,lat
0.289112562,Q2,lat
0.1235226,Q2,lat
0.261097494,Q2,lat
0.70753412,Q2,lat
0.2010367,Q2,lat
0.98315607,Q2,lat
0.987967029,Q2,lat
0.39682267,Q2,lat
0.07275682,Q2,lat
0.51370345,Q2,lat
0.3671586,Q2,lat
1.18819183,Q2,lat
0.26215546,Q2,lat
0.82298763,Q2,lat
0.44240099,Q2,lat
0.217371856,Q2,lat
0.1008603,Q2,lat
0.477900454,Q2,lat
0.46692094,Q2,lat
0.5717048,Q2,lat
1.124573413,Q2,lat
0.572080297,Q2,lat
0.13740167,Q2,lat
0.142488847,Q2,lat
0.11438989,Q2,lat
0.3272035,Q2,lat
1.51392667,Q2,lat
0.0714777,Q2,lat
0.53217087,Q2,lat
0.74618071,Q2,lat
0.256595482,Q2,lat
0.1308779,Q2,lat
0.176386302,Q2,lat
0.78562788,Q2,lat
1.0807322,Q2,lat
0.937257459,Q2,lat
0.535228513,Q2,lat
0.26407092,Q2,lat
0.293347657,Q2,lat
0.07160706,Q2,lat
1.4618199,Q2,lat
0.65878666,Q2,lat
0.17078816,Q2,lat
0.14105974,Q2,lat
0.04906898,Q2,lat
0.277448398,Q2,lat
1.1288899,Q2,lat
0.800718781,Q2,lat
0.76452146,Q2,lat
0.8867531,Q2,lat
0.949662489,Q2,lat
0.954887571,Q2,lat
0.48913896,Q2,lat
0.005211312,Q2,lat
0.5890907,Q2,lat
2.7605601,Q2,lat
0.45051778,Q2,lat
1.05433174,Q2,lat
0.3523916,Q2,lat
0.8716521,Q2,lat
0.342292576,Q2,lat
1.1209383,Q2,lat
0.709139114,Q2,lat
0.31990422,Q2,lat
2.7566941,Q2,lat
0.000717391,Q2,lat
2.633523805,Q2,lat
1.38941112,Q2,lat
0.852665932,Q2,lat
0.34097471,Q2,lat
1.9555208,Q2,lat
0.61744229,Q2,lat
0.04518867,Q2,lat
1.19771905,Q2,lat
0.44546359,Q2,lat
0.601669287,Q2,lat
0.8780678,Q2,lat
0.720586573,Q2,lat
0.69064899,Q2,lat
0.7729515,Q2,lat
0.006919906,Q2,lat
2.376305724,Q2,lat
1.7231229,Q2,lat
0.196734104,Q2,lat
0.90028347,Q2,lat
0.8938493,Q2,lat
1.42157673,Q2,lat
1.35774862,Q2,lat
0.80794688,Q2,lat
0.29417587,Q2,lat
0.330752802,Q2,lat
0.8788629,Q2,lat
0.711428606,Q2,lat
0.68220642,Q2,lat
0.2400544,Q2,lat
0.001957894,Q2,lat
1.4084421,Q2,lat
0.93309568,Q2,lat
0.718520434,Q2,lat
0.09272308,Q2,lat
0.2743532,Q2,lat
1.13826918,Q2,lat
1.36770066,Q2,lat
0.82341413,Q2,lat
0.3624643,Q2,lat
0.204815131,Q2,lat
0.8901941,Q2,lat
0.58092758,Q2,lat
0.43810017,Q2,lat
0.4253885,Q2,lat
0.068750777,Q2,lat
0.216385467,Q2,lat
0.75020785,Q2,lat
0.7391024,Q2,lat
0.24306629,Q2,lat
1.0715342,Q2,lat
0.5488634,Q2,lat
0.98451724,Q2,lat
0.21882251,Q2,lat
0.41057444,Q2,lat
0.235203318,Q2,lat
1.09179319,Q2,form
0.31333949,Q2,form
0.433527609,Q2,form
0.821905068,Q2,form
0.030882226,Q2,form
0.24259923,Q2,form
0.05257264,Q2,form
1.30178112,Q2,form
2.06139014,Q2,form
0.02505674,Q2,form
2.00503318,Q2,form
1.946993823,Q2,form
0.1656518,Q2,form
0.21847307,Q2,form
0.004592484,Q2,form
0.29534138,Q2,form
0.06562439,Q2,form
0.133105091,Q2,form
0.294697367,Q2,form
0.124123379,Q2,form
0.52437275,Q2,form
0.34002195,Q2,form
0.08054798,Q2,form
1.06892818,Q2,form
0.88827313,Q2,form
1.87206108,Q2,form
0.275356033,Q2,form
0.36715764,Q2,form
0.11495941,Q2,form
0.33688076,Q2,form
0.61396882,Q2,form
0.04474372,Q2,form
0.000746525,Q2,form
0.505347401,Q2,form
0.165666467,Q2,form
0.05817215,Q2,form
0.17236607,Q2,form
0.10316975,Q2,form
0.42276279,Q2,form
0.29663687,Q2,form
0.96628143,Q2,form
0.696903552,Q2,form
0.31436322,Q2,form
0.01797388,Q2,form
0.218593358,Q2,form
0.28728007,Q2,form
0.07543489,Q2,form
0.145003013,Q2,form
0.275972919,Q2,form
0.12043066,Q2,form
1.27914614,Q2,form
0.65714692,Q2,form
0.25465623,Q2,form
0.30958818,Q2,form
0.6986408,Q2,form
0.85257483,Q2,form
0.153440698,Q2,form
0.69185048,Q2,form
0.25864187,Q2,form
0.11183964,Q2,form
1.21674356,Q2,form
0.16127676,Q2,form
0.750890174,Q2,form
1.112134004,Q2,form
0.08811937,Q2,form
1.10841328,Q2,form
0.23199037,Q2,form
0.55310335,Q2,form
0.52839369,Q2,form
0.21435789,Q2,form
0.85707011,Q2,form
0.936681516,Q2,form
0.43291281,Q2,form
0.42765313,Q2,form
0.392729841,Q2,form
0.6965973,Q2,form
0.0558139,Q2,form
0.87879283,Q2,form
0.313421814,Q2,form
0.127816098,Q2,form
0.23040063,Q2,form
0.12289698,Q2,form
0.10643974,Q2,form
0.25255546,Q2,form
0.22209453,Q2,form
1.59154733,Q2,form
0.597271368,Q2,form
0.04246481,Q2,form
0.2114393,Q2,form
0.26192188,Q2,form
0.07365523,Q2,form
0.33541311,Q2,form
0.460297932,Q2,form
0.779775061,Q2,form
0.022573609,Q2,form
0.63064089,Q2,form
1.16095853,Q2,form
1.31852467,Q2,form
2.15972833,Q2,form
1.323384,Q2,form
0.78618911,Q2,form
0.32268432,Q2,form
0.59621069,Q2,form
0.85907596,Q2,form
0.548249964,Q2,form
1.01924135,Q2,form
0.40163398,Q2,form
0.540608902,Q2,form
0.653385041,Q2,form
0.002352244,Q2,form
1.25036126,Q2,form
0.70155206,Q2,form
0.83124469,Q2,form
0.35474291,Q2,form
1.31836575,Q2,form
2.0296569,Q2,form
1.449755808,Q2,form
0.58788734,Q2,form
0.18088464,Q2,form
0.220777595,Q2,form
0.21472824,Q2,form
0.83627062,Q2,form
0.747915694,Q2,form
0.107452892,Q2,form
1.08719619,Q2,form
1.27210662,Q2,form
0.01127162,Q2,form
0.27836959,Q2,form
0.4837646,Q2,form
0.89194981,Q2,form
0.57719855,Q2,form
0.143797317,Q2,form
0.91408602,Q2,form
0.22105345,Q2,form
0.086469561,Q2,form
0.69861263,Q2,form
0.05826652,Q2,form
0.12418165,Q2,form
0.308740702,Q2,form
0.873107082,Q2,form
0.36670729,Q2,form
0.40217822,Q2,form
0.6250332,Q2,form
0.19718455,Q2,form
0.24450262,Q2,form
0.91167577,Q2,form
0.116792534,Q2,form
0.52363802,Q2,form
0.60483962,Q2,form
0.2556616,Q2,form
0.06962457,Q2,form
0.65968164,Q2,form
0.533753107,Q2,form
0.229587163,Q2,form
0.020727249,Q2,form
1.05802759,Q2,form
0.31952102,Q2,form
0.24442121,Q2,form
0.52952985,Q2,form
0.27856783,Q2,form
1.92644599,Q2,form
0.461726652,Q2,form
0.4585571,Q2,form
0.6458766,Q2,form
0.064270596,Q2,form
0.170391,Q2,form
0.21768713,Q2,form
0.682477126,Q2,form
0.004468431,Q2,form
0.066886236,Q2,form
1.07336025,Q2,form
0.55545893,Q2,form
0.02922575,Q2,form
0.29807537,Q2,form
0.39897198,Q2,form
0.12002415,Q2,form
0.28566834,Q2,form
0.09989663,Q2,form
0.47586052,Q2,form
0.251256598,Q2,form
0.68249,Q2,form
0.03864552,Q2,form
0.100385807,Q2,form
0.653810403,Q2,form
0.134278356,Q2,form
0.22374594,Q2,form
0.13207171,Q2,form
0.47324968,Q2,form
0.84015183,Q2,form
1.06523795,Q2,form
0.34935172,Q2,form
0.160623204,Q2,form
0.47425234,Q2,form
0.15763705,Q2,form
0.10574384,Q2,form
0.22278955,Q2,form
0.84608112,Q2,form
0.759813615,Q2,form
0.873822661,Q2,form
0.090888909,Q2,form
0.51733324,Q2,form
0.10585335,Q2,form
0.04752217,Q2,form
0.53771904,Q2,form
0.11841786,Q2,form
0.0966848,Q2,form
0.321881982,Q2,form
0.08939319,Q2,form
0.34745216,Q2,form
0.111510681,Q2,form
0.7248119,Q2,form
0.09015064,Q2,form
0.162849895,Q2,form
0.247886248,Q2,form
0.114891582,Q2,form
0.13869378,Q2,form
0.06716563,Q2,form
0.36581859,Q2,form
0.77736271,Q2,form
0.6358077,Q2,form
0.07334545,Q2,form
0.329432305,Q2,form
0.07888974,Q2,form
0.4190438,Q2,form
0.12572204,Q2,form
0.07144844,Q2,form
0.51200209,Q2,form
0.674460518,Q2,form
0.557264994,Q2,form
0.043895332,Q2,form
0.51656186,Q2,form
0.73079207,Q2,form
0.04752696,Q2,form
0.54643388,Q2,form
0.21000202,Q2,form
0.16456345,Q2,form
0.071791711,Q2,form
0.64068177,Q2,form
0.11610089,Q2,form
0.102490193,Q2,form
0.10186983,Q2,form
0.30107637,Q2,form
0.581344793,Q2,form
0.154689373,Q2,form
0.035498125,Q2,form
1.13893404,Q2,form
0.25102115,Q2,form
0.55914582,Q2,form
1.61546442,Q2,form
0.23709716,Q2,form
0.195609,Q2,form
0.549387992,Q2,form
1.25978575,Q2,form
0.04852854,Q2,form
0.164106116,Q2,form
0.67039803,Q2,form
0.02392977,Q2,form
0.082538925,Q2,form
2.625723732,Q2,form
0.139817435,Q2,form
0.64158586,Q2,form
0.30775916,Q2,form
0.01558795,Q2,form
0.0723773,Q2,form
0.43078945,Q2,form
0.32987766,Q2,form
0.156503793,Q2,form
0.18721308,Q2,form
0.29723512,Q2,form
0.043305519,Q2,form
1.16837568,Q2,form
0.22013975,Q2,form
0.320497355,Q2,form
0.999787319,Q2,form
1.065963056,Q2,form
0.8370536,Q2,form
0.03474017,Q2,form
0.40224719,Q2,form
0.45729554,Q2,form
0.5765639,Q2,form
1.14015259,Q2,form
0.005189506,Q2,form
0.88106984,Q2,form
0.46926085,Q2,form
0.142483122,Q2,form
0.21472824,Q2,form
0.16372938,Q2,form
0.252084306,Q2,form
0.892547108,Q2,form
0.08719619,Q2,form
1.17210662,Q2,form
0.11127162,Q2,form
0.47836959,Q2,form
0.0837646,Q2,form
0.19194981,Q2,form
0.67719855,Q2,form
0.256202683,Q2,form
0.91408602,Q2,form
0.02105345,Q2,form
0.486469561,Q2,form
0.6965973,Q2,form
0.0558139,Q2,form
0.12120717,Q2,form
0.686578186,Q2,form
0.127816098,Q2,form
0.36959937,Q2,form
0.12289698,Q2,form
0.19356026,Q2,form
0.75255546,Q2,form
0.57790547,Q2,form
0.49154733,Q2,form
0.102728632,Q2,form
0.34246481,Q2,form
0.3114393,Q2,form
0.26192188,Q2,form
0.12403844,Q2,form
0.7259025,Q2,form
0.614064077,Q2,form
0.103197142,Q2,form
0.045653102,Q2,form
0.93830723,Q2,form
0.37892749,Q2,form
0.20534815,Q2,form
1.12454443,Q2,form
0.41641393,Q2,form
1.0829782,Q2,form
0.234655164,Q2,form
0.26688045,Q2,form
0.62406792,Q2,form
0.204756963,Q2,form
0.76108782,Q2,form
0.13429789,Q2,form
0.216390542,Q2,form
0.163626234,Q2,form
0.098274347,Q2,form
0.30778646,Q2,form
0.14010328,Q2,form
0.29930568,Q2,form
0.01931367,Q2,form
0.66084681,Q2,form
0.13565731,Q2,form
0.078051312,Q2,form
0.05999249,Q2,form
0.20024959,Q2,form
0.138407079,Q2,form
0.06156325,Q2,form
0.35012886,Q2,form
0.478144814,Q2,form
1.75168839,Q2,form
0.01703453,Q2,form
0.11280097,Q2,form
0.06335402,Q2,form
0.37031297,Q2,form
0.70804621,Q2,form
0.5110645,Q2,form
0.70695973,Q2,form
0.360188683,Q2,form
0.78324994,Q2,form
0.11947789,Q2,form
0.010688284,Q2,form
0.06357858,Q2,form
0.34767624,Q2,form
0.475170334,Q2,form
1.243630498,Q2,form
0.01795771,Q2,form
0.64910763,Q2,form
0.45736474,Q2,form
0.53884003,Q2,form
0.66341712,Q2,form
1.01134358,Q2,form
0.2131687,Q2,form
0.179709849,Q2,form
0.60207673,Q2,form
0.92607757,Q2,form
0.083051436,Q2,form
0.71271993,Q2,form
0.92456511,Q2,form
0.145003013,Q2,form
1.275972919,Q2,form
0.12043066,Q2,form
1.12085386,Q2,form
0.74285308,Q2,form
0.94534377,Q2,form
0.69041182,Q2,form
0.1013592,Q2,form
0.44742517,Q2,form
0.153440698,Q2,form
0.40814952,Q2,form
0.05864187,Q2,form
0.08816036,Q2,form
0.69458197,Q2,form
0.05336127,Q2,form
0.11823269,Q2,form
2.318102926,Q2,form
0.128739278,Q2,form
0.40590602,Q2,form
0.45638426,Q2,form
0.46208732,Q2,form
0.40792637,Q2,form
0.99968645,Q2,form
0.2714189,Q2,form
0.122249798,Q2,form
0.3387084,Q2,form
0.28196102,Q2,form
0.36818216,Q2,form
0.61396882,Q2,form
0.04474372,Q2,form
1.000746525,Q2,form
1.505347401,Q2,form
0.165666467,Q2,form
0.84182785,Q2,form
0.42763393,Q2,form
0.19683025,Q2,form
0.57723721,Q2,form
0.60336313,Q2,form
0.33371857,Q2,form
0.103096448,Q2,form
0.28563678,Q2,form
0.18202612,Q2,form
0.018593358,Q2,form
0.60389218,Q2,form
1.05700684,Q2,form
1.015618927,Q2,form
0.52875296,Q2,form
0.829717634,Q2,form
0.86029458,Q2,form
0.52404013,Q2,form
0.54580505,Q2,form
0.19961734,Q2,form
1.79132271,Q2,form
0.53436075,Q2,form
0.600702279,Q2,form
0.39150283,Q2,form
0.08497549,Q2,form
0.149894758,Q2,form
0.55149364,Q2,form
0.12077508,Q2,form
1.092955417,Q2,form
1.349538131,Q2,form
0.805714961,Q2,form
0.2836784,Q2,form
0.08535242,Q2,form
0.67249137,Q2,form
0.16073899,Q2,form
1.00871255,Q2,form
0.24229989,Q2,form
0.291747398,Q2,form
0.10200627,Q2,form
0.18661615,Q2,form
0.112662037,Q2,form
0.40618446,Q2,form
1.06926996,Q2,form
0.030491329,Q2,form
0.55215852,Q2,form
0.825101735,Q2,form
0.47876132,Q2,form
0.32044634,Q2,form
0.08844036,Q2,form
0.12352811,Q2,form
0.3792823,Q2,form
0.46499706,Q2,form
0.098308111,Q2,form
0.09736888,Q2,form
0.0519771,Q2,form
0.081196158,Q2,form
0.43641439,Q2,form
0.10605934,Q2,form
0.075108534,Q2,form
1.622375198,Q2,form
0.188745961,Q2,form
0.36583848,Q2,form
0.60966497,Q2,form
0.18365373,Q2,form
0.59296445,Q2,form
0.04316105,Q2,form
0.33692949,Q2,form
0.208874396,Q2,form
0.11496702,Q2,form
0.24701808,Q2,form
0.275100357,Q2,form
0.46059834,Q2,form
0.13549083,Q2,form
0.110802299,Q2,form
2.67854854,Q2,form
0.800175883,Q2,form
0.89848168,Q2,form
0.13896013,Q2,form
0.061329,Q2,form
0.52851352,Q2,form
1.07426405,Q2,form
0.92152927,Q2,form
0.674620401,Q2,form
0.28904553,Q2,form
0.32621422,Q2,form
0.349776283,Q2,form
0.50292024,Q2,form
0.18699595,Q2,form
0.173266387,Q2,form
1.776851889,Q2,form
0.219210892,Q2,form
0.03604196,Q2,form
0.52594594,Q2,form
0.47773927,Q2,form
0.13427559,Q2,form
0.20369431,Q2,form
0.1988321,Q2,form
0.26467591,Q2,form
0.29368293,Q2,form
0.56480747,Q2,form
0.118310404,Q2,form
0.10006511,Q3,lat
0.4687425,Q3,lat
0.4584784,Q3,lat
0.4152893,Q3,lat
0.12953542,Q3,lat
0.76005608,Q3,lat
0.347374455,Q3,lat
0.27276569,Q3,lat
0.007396427,Q3,lat
0.90770738,Q3,lat
0.130619118,Q3,lat
0.318570263,Q3,lat
0.68329639,Q3,lat
0.22210773,Q3,lat
0.01746685,Q3,lat
0.09251102,Q3,lat
0.6182582,Q3,lat
0.378274,Q3,lat
1.2917332,Q3,lat
0.17667454,Q3,lat
0.534648343,Q3,lat
0.207884099,Q3,lat
0.0676838,Q3,lat
0.340958572,Q3,lat
1.07249473,Q3,lat
0.960802601,Q3,lat
0.674025876,Q3,lat
0.01976469,Q3,lat
0.62084782,Q3,lat
0.22894103,Q3,lat
0.8973506,Q3,lat
0.5014941,Q3,lat
0.5140833,Q3,lat
0.5424416,Q3,lat
0.11340889,Q3,lat
0.005612856,Q3,lat
0.460037093,Q3,lat
0.70181156,Q3,lat
0.119874833,Q3,lat
0.50393039,Q3,lat
0.498631346,Q3,lat
0.125914395,Q3,lat
0.05802781,Q3,lat
0.12517032,Q3,lat
0.09823572,Q3,lat
0.09887236,Q3,lat
0.5449945,Q3,lat
0.4458145,Q3,lat
0.3957804,Q3,lat
0.13697844,Q3,lat
0.508260645,Q3,lat
0.21233363,Q3,lat
0.4456475,Q3,lat
0.60309376,Q3,lat
1.12846328,Q3,lat
0.394342206,Q3,lat
0.246357798,Q3,lat
0.25649727,Q3,lat
0.32545963,Q3,lat
0.07856034,Q3,lat
39,Q3,lat
0.90232039,Q3,lat
0.5587314,Q3,lat
0.4331507,Q3,lat
0.3762716,Q3,lat
0.85557854,Q3,lat
0.556465209,Q3,lat
0.222707194,Q3,lat
0.8185293,Q3,lat
0.313583948,Q3,lat
0.64921918,Q3,lat
0.28069647,Q3,lat
0.511285859,Q3,lat
0.17030185,Q3,lat
0.17302698,Q3,lat
0.26034617,Q3,lat
0.90689261,Q3,lat
0.6113897,Q3,lat
0.3846059,Q3,lat
0.3014877,Q3,lat
0.17295303,Q3,lat
0.191249375,Q3,lat
0.259636313,Q3,lat
0.1812429,Q3,lat
0.096203666,Q3,lat
0.23788322,Q3,lat
0.501678061,Q3,lat
0.006489906,Q3,lat
0.25636513,Q3,lat
0.1553685,Q3,lat
0.30948778,Q3,lat
0.09887236,Q3,lat
0.5449945,Q3,lat
0.5541855,Q3,lat
0.6042196,Q3,lat
0.13697844,Q3,lat
0.608260645,Q3,lat
0.11233363,Q3,lat
1.0456475,Q3,lat
0.89690624,Q3,lat
1.12846328,Q3,lat
0.105657794,Q3,lat
0.046357798,Q3,lat
0.15649727,Q3,lat
0.17454037,Q3,lat
0.42143966,Q3,lat
0.90430831,Q3,lat
0.4183737,Q3,lat
0.4120442,Q3,lat
0.6562432,Q3,lat
0.84317351,Q3,lat
0.363193849,Q3,lat
0.247775234,Q3,lat
0.50666565,Q3,lat
0.268932406,Q3,lat
1.150479,Q3,lat
0.427572404,Q3,lat
0.413834039,Q3,lat
0.18163371,Q3,lat
0.1476941,Q3,lat
0.07480966,Q3,lat
0.9070914,Q3,lat
0.3863208,Q3,lat
0.3824953,Q3,lat
0.7017638,Q3,lat
0.17419353,Q3,lat
0.550716531,Q3,lat
0.037129509,Q3,lat
0.48994347,Q3,lat
0.244455301,Q3,lat
0.06775724,Q3,lat
0.080851173,Q3,lat
1.129001896,Q3,lat
0.27749832,Q3,lat
0.23670361,Q3,lat
0.18402781,Q3,lat
0.10404095,Q3,lat
0.5145323,Q3,lat
0.4993088,Q3,lat
0.4803188,Q3,lat
0.10472536,Q3,lat
0.199374197,Q3,lat
0.002489465,Q3,lat
0.203507,Q3,lat
0.142363719,Q3,lat
0.20518773,Q3,lat
0.052843135,Q3,lat
0.231669534,Q3,lat
0.20596011,Q3,lat
0.01933443,Q3,lat
0.0471552,Q3,lat
0.09728202,Q3,lat
0.5633104,Q3,lat
0.5710706,Q3,lat
1.3697686,Q3,lat
0.14690247,Q3,lat
0.227466602,Q3,lat
0.067720802,Q3,lat
0.07615657,Q3,lat
0.017080677,Q3,lat
1.78947114,Q3,lat
0.160957305,Q3,lat
0.36626188,Q3,lat
0.28743178,Q3,lat
0.51111723,Q3,lat
0.073315,Q3,lat
0.08913155,Q3,lat
0.3428204,Q3,lat
0.3423931,Q3,lat
0.2364582,Q3,lat
0.19776309,Q3,lat
0.748068742,Q3,lat
0.490499767,Q3,lat
0.65751559,Q3,lat
0.761236374,Q3,lat
0.16463643,Q3,lat
0.214859686,Q3,lat
0.156729703,Q3,lat
0.17902886,Q3,lat
0.08607365,Q3,lat
0.03917613,Q3,lat
0.09608927,Q3,lat
0.4229527,Q3,lat
0.4162655,Q3,lat
0.6497402,Q3,lat
0.15434548,Q3,lat
0.320737963,Q3,lat
0.002761626,Q3,lat
0.45096162,Q3,lat
0.427570865,Q3,lat
0.11022704,Q3,lat
0.114081371,Q3,lat
0.331189941,Q3,lat
0.46063266,Q3,lat
0.16354988,Q3,lat
0.38777849,Q3,lat
0.08774001,Q3,lat
0.326794,Q3,lat
0.3276186,Q3,lat
1.7863021,Q3,lat
0.20644661,Q3,lat
0.641830083,Q3,lat
0.248047395,Q3,lat
0.14078897,Q3,lat
0.601002178,Q3,lat
0.74448169,Q3,lat
0.239352102,Q3,lat
0.014313632,Q3,lat
0.27303884,Q3,lat
0.26942159,Q3,lat
0.31543294,Q3,lat
0.0805835,Q3,lat
0.2443723,Q3,lat
0.2516355,Q3,lat
1.0966448,Q3,lat
0.74889528,Q3,lat
0.247397306,Q3,lat
0.158292341,Q3,lat
0.10349813,Q3,lat
0.763943304,Q3,lat
0.31994631,Q3,lat
0.210415842,Q3,lat
0.475254735,Q3,lat
0.28775587,Q3,lat
0.24517429,Q3,lat
0.1819939,Q3,lat
0.90589865,Q3,lat
0.5999423,Q3,lat
0.6048409,Q3,lat
0.317745,Q3,lat
0.83324949,Q3,lat
0.298921096,Q3,lat
0.327829666,Q3,lat
0.16282527,Q3,lat
0.354945489,Q3,lat
1.58851313,Q3,lat
0.005812497,Q3,lat
0.206070043,Q3,lat
0.1506992,Q3,lat
0.21572904,Q3,lat
0.32293431,Q3,lat
0.09251102,Q3,lat
1.3817418,Q3,lat
0.378274,Q3,lat
0.2917332,Q3,lat
0.17667454,Q3,lat
0.965351657,Q3,lat
0.107884099,Q3,lat
0.6323162,Q3,lat
0.659041428,Q3,lat
0.62750527,Q3,lat
0.139197399,Q3,lat
0.274025876,Q3,lat
0.31976469,Q3,lat
0.37915218,Q3,lat
0.27105897,Q3,lat
0.08674605,Q3,lat
1.3153465,Q3,lat
1.3170654,Q3,lat
1.1974405,Q3,lat
0.78735087,Q3,lat
0.451659613,Q3,lat
0.160581416,Q3,lat
0.4967208,Q3,lat
0.859744001,Q3,lat
0.20614823,Q3,lat
0.064782335,Q3,lat
0.026873581,Q3,lat
0.06737291,Q3,lat
0.39093895,Q3,lat
0.21698914,Q3,lat
0.09151706,Q3,lat
0.3702943,Q3,lat
0.3677208,Q3,lat
0.2754759,Q3,lat
0.18287705,Q3,lat
0.444477872,Q3,lat
0.120418119,Q3,lat
0.08824803,Q3,lat
0.617783251,Q3,lat
0.37687536,Q3,lat
0.035062962,Q3,lat
0.186585825,Q3,lat
0.22543062,Q3,lat
0.01879164,Q3,lat
0.26136312,Q3,lat
0.08734243,Q3,lat
0.322215,Q3,lat
0.3233973,Q3,lat
0.2071949,Q3,lat
0.20892762,Q3,lat
0.074238105,Q3,lat
0.293061004,Q3,lat
0.0168383,Q3,lat
0.004498908,Q3,lat
0.70422972,Q3,lat
0.202301672,Q3,lat
0.340662389,Q3,lat
0.03077247,Q3,lat
0.21472262,Q3,lat
0.50246411,Q3,lat
0.10245061,Q3,lat
0.5037836,Q3,lat
0.5161939,Q3,lat
1.545693,Q3,lat
0.11464939,Q3,lat
0.03635305,Q3,lat
0.317456103,Q3,lat
0.07299792,Q3,lat
0.828376803,Q3,lat
0.76619559,Q3,lat
2.019458234,Q3,lat
0.848426385,Q3,lat
0.53689462,Q3,lat
0.21724243,Q3,lat
0.50472014,Q3,lat
0.10781799,Q3,lat
0.5580327,Q3,lat
0.5407934,Q3,lat
0.4579032,Q3,lat
0.08115581,Q3,lat
1.296726408,Q3,lat
0.625139812,Q3,lat
0.05096605,Q3,lat
0.425582647,Q3,lat
1.47279406,Q3,lat
0.157132275,Q3,lat
1.05939734,Q3,lat
0.70749065,Q3,lat
0.33129552,Q3,lat
0.17035914,Q3,lat
0.10742041,Q3,lat
0.5534537,Q3,lat
1.5365721,Q3,lat
1.5355938,Q3,lat
0.08363681,Q3,lat
1.912794596,Q3,lat
0.380126204,Q3,lat
0.79333879,Q3,lat
0.677914082,Q3,lat
1.08695398,Q3,lat
0.89878605,Q3,lat
0.114373361,Q3,lat
0.16522428,Q3,lat
0.41543974,Q3,lat
0.1573903,Q3,lat
1.12670322,Q3,lat
0.2244656,Q3,lat
0.2586956,Q3,lat
0.1490131,Q3,lat
0.03669198,Q3,lat
0.883487464,Q3,lat
0.363286195,Q3,lat
0.91173867,Q3,lat
0.241677285,Q3,lat
0.4108257,Q3,lat
0.378577977,Q3,lat
0.798036373,Q3,lat
1.01514335,Q3,lat
0.48444528,Q3,lat
0.01362117,Q3,lat
1.1102035,Q3,lat
0.5855066,Q3,lat
0.5661211,Q3,lat
0.5811145,Q3,lat
0.06626977,Q3,lat
0.899682722,Q3,lat
0.19522146,Q3,lat
0.10327033,Q3,lat
0.853436978,Q3,lat
0.36871774,Q3,lat
0.807209627,Q3,lat
0.070458782,Q3,lat
0.06108889,Q3,lat
0.07356977,Q3,lat
0.14817215,Q3,lat
0.10384215,Q3,lat
0.5122428,Q3,lat
0.4985806,Q3,lat
0.5229327,Q3,lat
0.10596587,Q3,lat
0.257408291,Q3,lat
0.175003731,Q3,lat
0.37469336,Q3,lat
0.290615355,Q3,lat
0.87531371,Q3,lat
0.873670022,Q3,lat
0.190842456,Q3,lat
0.18482693,Q3,lat
0.22726232,Q3,lat
0.14067078,Q3,lat
0.10841437,Q3,lat
0.4350989,Q3,lat
0.4528747,Q3,lat
0.4481488,Q3,lat
0.0774343,Q3,lat
0.722624126,Q3,lat
0.292660224,Q3,lat
0.23740696,Q3,lat
1.019172259,Q3,lat
1.76241611,Q3,lat
0.105348387,Q3,lat
0.32693331,Q3,lat
0.47089021,Q3,lat
0.1550792,Q3,lat
0.08981239,Q3,lat
0.8457316,Q3,form
0.23730812,Q3,form
0.658681283,Q3,form
0.03298046,Q3,form
0.9404992,Q3,form
1.01709298,Q3,form
0.11029113,Q3,form
0.222557763,Q3,form
0.4551081,Q3,form
0.280292681,Q3,form
0.68105165,Q3,form
0.44183767,Q3,form
0.45071769,Q3,form
0.3230631,Q3,form
0.098661163,Q3,form
0.4910338,Q3,form
0.80564617,Q3,form
0.182189828,Q3,form
0.79089522,Q3,form
0.2219804,Q3,form
1.127122,Q3,form
0.06378967,Q3,form
0.383320457,Q3,form
0.5996117,Q3,form
1.16352994,Q3,form
0.13844679,Q3,form
0.40611241,Q3,form
0.63720256,Q3,form
0.1153935,Q3,form
0.199529564,Q3,form
0.3799852,Q3,form
0.03738584,Q3,form
0.008176916,Q3,form
0.50869593,Q3,form
0.8371031,Q3,form
0.05074781,Q3,form
0.1102098,Q3,form
0.097588568,Q3,form
0.4433499,Q3,form
0.929412623,Q3,form
1.97333326,Q3,form
1.14453295,Q3,form
0.15788285,Q3,form
0.03777292,Q3,form
0.000187482,Q3,form
1.4122304,Q3,form
1.07662784,Q3,form
1.03941477,Q3,form
0.56620186,Q3,form
0.1776678,Q3,form
0.96984136,Q3,form
0.34170993,Q3,form
0.80597846,Q3,form
1.4574154,Q3,form
0.012058047,Q3,form
1.09538825,Q3,form
0.24312839,Q3,form
0.6408885,Q3,form
0.16782194,Q3,form
0.199976998,Q3,form
0.2731728,Q3,form
0.09260327,Q3,form
0.834175625,Q3,form
0.24320514,Q3,form
0.1139684,Q3,form
0.97500043,Q3,form
0.18788439,Q3,form
0.234345652,Q3,form
0.3780082,Q3,form
0.541784221,Q3,form
0.20652612,Q3,form
0.50991114,Q3,form
0.33993705,Q3,form
0.38755588,Q3,form
0.13198232,Q3,form
1.4343991,Q3,form
0.10360671,Q3,form
0.072134054,Q3,form
0.61769409,Q3,form
0.1878228,Q3,form
0.02953183,Q3,form
0.26961627,Q3,form
0.352180791,Q3,form
0.5483354,Q3,form
0.234430866,Q3,form
0.11680105,Q3,form
0.07160444,Q3,form
0.06620619,Q3,form
0.0404184,Q3,form
0.031159923,Q3,form
0.4888129,Q3,form
0.16982758,Q3,form
0.152445024,Q3,form
0.74408411,Q3,form
0.7872514,Q3,form
0.89018853,Q3,form
0.07097725,Q3,form
0.001950151,Q3,form
0.4533208,Q3,form
0.439449109,Q3,form
0.03973116,Q3,form
0.50132407,Q3,form
0.52547046,Q3,form
0.18139028,Q3,form
0.062132364,Q3,form
1.446491,Q3,form
0.11832246,Q3,form
0.089980936,Q3,form
0.64578076,Q3,form
0.1933619,Q3,form
0.35262825,Q3,form
0.09392882,Q3,form
0.841018427,Q3,form
0.9161099,Q3,form
0.568879365,Q3,form
0.03757167,Q3,form
0.08873144,Q3,form
0.32083306,Q3,form
0.21998353,Q3,form
0.106401757,Q3,form
0.4807516,Q3,form
0.16001708,Q3,form
0.140547102,Q3,form
0.72535966,Q3,form
0.2090559,Q3,form
0.63541514,Q3,form
0.05385228,Q3,form
0.276058394,Q3,form
1.5748044,Q3,form
0.149816777,Q3,form
0.27975509,Q3,form
0.07940874,Q3,form
0.70077763,Q3,form
0.207789,Q3,form
0.012826516,Q3,form
0.3578166,Q3,form
1.01040697,Q3,form
0.9591038,Q3,form
0.56018817,Q3,form
0.847258,Q3,form
0.85012099,Q3,form
0.08230346,Q3,form
1.4562091,Q3,form
0.85243,Q3,form
0.58292371,Q3,form
0.75192046,Q3,form
0.27019988,Q3,form
0.64921185,Q3,form
0.61036938,Q3,form
0.269050561,Q3,form
1.3961078,Q3,form
1.05700684,Q3,form
0.015618927,Q3,form
1.52875296,Q3,form
0.1702824,Q3,form
1.26029458,Q3,form
0.02404013,Q3,form
0.854194946,Q3,form
1.2003827,Q3,form
0.008677288,Q3,form
0.13436075,Q3,form
0.20070228,Q3,form
0.49150283,Q3,form
0.48497549,Q3,form
0.050105242,Q3,form
1.4303684,Q3,form
0.09870146,Q3,form
0.066185093,Q3,form
0.60833186,Q3,form
0.1859764,Q3,form
0.24308148,Q3,form
0.22817876,Q3,form
0.089234913,Q3,form
1.3590772,Q3,form
0.4896147,Q3,form
0.37654418,Q3,form
0.06743789,Q3,form
0.27144739,Q3,form
0.12721904,Q3,form
0.156319517,Q3,form
0.4122304,Q3,form
0.07662784,Q3,form
1.03941477,Q3,form
0.43379814,Q3,form
0.1776678,Q3,form
1.06984136,Q3,form
0.15829007,Q3,form
0.30597846,Q3,form
1.3574154,Q3,form
1.287941953,Q3,form
0.59538825,Q3,form
0.44312839,Q3,form
0.5408885,Q3,form
0.16782194,Q3,form
0.199976998,Q3,form
0.3578166,Q3,form
0.01040697,Q3,form
0.0408962,Q3,form
0.56018817,Q3,form
0.152742,Q3,form
0.85012099,Q3,form
0.48230346,Q3,form
0.5562091,Q3,form
1.05243,Q3,form
0.28292371,Q3,form
0.05192046,Q3,form
0.02980012,Q3,form
0.34921185,Q3,form
0.31036938,Q3,form
0.030949439,Q3,form
0.4928436,Q3,form
0.17473283,Q3,form
0.158393985,Q3,form
0.24655367,Q3,form
0.214595,Q3,form
0.81757522,Q3,form
0.12953973,Q3,form
0.064896029,Q3,form
0.542579,Q3,form
0.684265275,Q3,form
0.49947429,Q3,form
0.56228174,Q3,form
0.28781688,Q3,form
0.16819093,Q3,form
0.150388196,Q3,form
1.4565677,Q3,form
0.13058558,Q3,form
0.104853338,Q3,form
0.66918632,Q3,form
1.1979778,Q3,form
0.87109498,Q3,form
0.49752262,Q3,form
0.101616877,Q3,form
0.6392553,Q3,form
1.18091978,Q3,form
0.53821385,Q3,form
0.18633727,Q3,form
0.32669911,Q3,form
0.18698514,Q3,form
0.337703157,Q3,form
2.11576967,Q4,lat
0.6496123,Q4,lat
0.6252191,Q4,lat
1.3278442,Q4,lat
0.03153569,Q4,lat
0.624637358,Q4,lat
0.47458803,Q4,lat
0.39648857,Q4,lat
2.00448277,Q4,lat
3.032245252,Q4,lat
0.3240568,Q4,lat
0.75987693,Q4,lat
0.252818103,Q4,lat
0.048411212,Q4,lat
0.029735851,Q4,lat
0.8824412,Q4,lat
0.3297822,Q4,lat
0.6442149,Q4,lat
0.298581,Q4,lat
0.02037116,Q4,lat
0.846944205,Q4,lat
0.17202679,Q4,lat
0.13716585,Q4,lat
0.53874749,Q4,lat
0.463379096,Q4,lat
0.3366148,Q4,lat
0.23751516,Q4,lat
0.043016779,Q4,lat
0.019762242,Q4,lat
0.388095611,Q4,lat
0.11676363,Q4,lat
1.6610598,Q4,lat
0.3642277,Q4,lat
0.3115869,Q4,lat
0.02533317,Q4,lat
1.114807828,Q4,lat
0.03794599,Q4,lat
0.55242039,Q4,lat
0.04574095,Q4,lat
0.582875165,Q4,lat
0.2199223,Q4,lat
0.02756312,Q4,lat
0.158484034,Q4,lat
0.488050673,Q4,lat
0.36215794,Q4,lat
0.91066966,Q4,lat
0.6548901,Q4,lat
0.6554963,Q4,lat
1.2397096,Q4,lat
0.19652259,Q4,lat
0.006102837,Q4,lat
0.43200704,Q4,lat
0.12870195,Q4,lat
0.08701526,Q4,lat
0.70548955,Q4,lat
0.4059672,Q4,lat
0.56578229,Q4,lat
0.442104328,Q4,lat
0.194001546,Q4,lat
0.232691713,Q4,lat
0.10881195,Q4,lat
0.5694801,Q4,lat
1.5513466,Q4,lat
0.4416458,Q4,lat
0.07495329,Q4,lat
0.493444063,Q4,lat
0.26232617,Q4,lat
0.40496577,Q4,lat
0.28432447,Q4,lat
0.277835856,Q4,lat
0.5529978,Q4,lat
0.02804271,Q4,lat
0.486843417,Q4,lat
0.129065016,Q4,lat
0.302781229,Q4,lat
1.11557088,Q4,lat
0.3526772,Q4,lat
0.3768916,Q4,lat
0.3310957,Q4,lat
0.03277619,Q4,lat
0.066603264,Q4,lat
0.49709483,Q4,lat
0.3746978,Q4,lat
0.44376887,Q4,lat
0.362119269,Q4,lat
0.5551163,Q4,lat
0.23736494,Q4,lat
0.368315084,Q4,lat
0.140483319,Q4,lat
0.423251433,Q4,lat
0.10881195,Q4,lat
0.4305199,Q4,lat
0.4486534,Q4,lat
0.4416458,Q4,lat
0.07495329,Q4,lat
0.393444063,Q4,lat
0.63767383,Q4,lat
0.50496577,Q4,lat
0.21567553,Q4,lat
0.777835856,Q4,lat
0.1529978,Q4,lat
0.37195729,Q4,lat
0.913156583,Q4,lat
0.070934984,Q4,lat
0.302781229,Q4,lat
0.88442912,Q4,lat
0.6473228,Q4,lat
0.6231084,Q4,lat
0.3310957,Q4,lat
0.03277619,Q4,lat
1.233396736,Q4,lat
0.40290517,Q4,lat
0.9253022,Q4,lat
0.85623113,Q4,lat
0.337880731,Q4,lat
0.2551163,Q4,lat
0.53736494,Q4,lat
0.531684916,Q4,lat
0.040483319,Q4,lat
0.623251433,Q4,lat
0.11636604,Q4,lat
1.6564808,Q4,lat
1.631551,Q4,lat
0.3180898,Q4,lat
0.02781418,Q4,lat
0.10126036,Q4,lat
0.09293239,Q4,lat
1.11004766,Q4,lat
0.85076233,Q4,lat
0.1573768,Q4,lat
0.9384239,Q4,lat
0.6274129,Q4,lat
0.416217661,Q4,lat
0.227805112,Q4,lat
0.050810896,Q4,lat
1.11457692,Q4,lat
0.6358754,Q4,lat
0.6125552,Q4,lat
0.3473531,Q4,lat
0.96102129,Q4,lat
0.123567207,Q4,lat
0.39037115,Q4,lat
0.23062963,Q4,lat
0.21497296,Q4,lat
0.211489355,Q4,lat
0.6509819,Q4,lat
0.72480499,Q4,lat
0.526018985,Q4,lat
0.100843858,Q4,lat
0.390829344,Q4,lat
1.08674605,Q4,lat
0.3153465,Q4,lat
0.3170654,Q4,lat
0.8025595,Q4,lat
0.21264913,Q4,lat
0.651659613,Q4,lat
0.26058142,Q4,lat
0.6967208,Q4,lat
0.140256,Q4,lat
0.006148226,Q4,lat
0.1352177,Q4,lat
0.17312642,Q4,lat
0.067372907,Q4,lat
0.309061053,Q4,lat
0.216989144,Q4,lat
1.11358296,Q4,lat
0.3755721,Q4,lat
0.397998,Q4,lat
1.3636105,Q4,lat
0.04518122,Q4,lat
0.413737678,Q4,lat
0.02216287,Q4,lat
0.38656146,Q4,lat
0.82628522,Q4,lat
1.060859442,Q4,lat
0.5531525,Q4,lat
0.51224505,Q4,lat
0.820353054,Q4,lat
0.138795603,Q4,lat
0.358407255,Q4,lat
0.887411,Q4,lat
0.6129805,Q4,lat
0.5914488,Q4,lat
1.3798678,Q4,lat
0.05138374,Q4,lat
0.396091851,Q4,lat
0.16530311,Q4,lat
0.04249328,Q4,lat
0.2675434,Q4,lat
0.010229528,Q4,lat
0.242713,Q4,lat
0.3996851,Q4,lat
0.114687122,Q4,lat
0.121564936,Q4,lat
0.425985166,Q4,lat
0.10881195,Q4,lat
0.5694801,Q4,lat
0.5513466,Q4,lat
1.5583542,Q4,lat
0.07495329,Q4,lat
1.193444063,Q4,lat
0.56232617,Q4,lat
0.60496577,Q4,lat
1.18432447,Q4,lat
0.677835856,Q4,lat
0.2529978,Q4,lat
0.67195729,Q4,lat
0.286843417,Q4,lat
0.170934984,Q4,lat
0.002781229,Q4,lat
0.09449893,Q4,lat
0.5953633,Q4,lat
0.6006196,Q4,lat
1.675752,Q4,lat
0.16426951,Q4,lat
0.285010716,Q4,lat
0.11718394,Q4,lat
0.57954746,Q4,lat
0.04155778,Q4,lat
0.4287651,Q4,lat
0.6474663,Q4,lat
1.05109402,Q4,lat
0.008432829,Q4,lat
0.099873256,Q4,lat
0.064096851,Q4,lat
1.11895034,Q4,lat
0.6862442,Q4,lat
0.6589894,Q4,lat
0.7241794,Q4,lat
0.01168764,Q4,lat
0.553182864,Q4,lat
0.41447916,Q4,lat
0.46452959,Q4,lat
0.07650894,Q4,lat
1.154260975,Q4,lat
0.9908266,Q4,lat
0.12006877,Q4,lat
0.390949083,Q4,lat
0.224742513,Q4,lat
0.033486535,Q4,lat
1.10801678,Q4,lat
0.4396778,Q4,lat
0.457096,Q4,lat
1.4546517,Q4,lat
0.0799153,Q4,lat
0.661307686,Q4,lat
0.14764662,Q4,lat
0.12022031,Q4,lat
0.32266899,Q4,lat
1.797331925,Q4,lat
0.4363054,Q4,lat
0.18190933,Q4,lat
0.728623838,Q4,lat
0.039223415,Q4,lat
0.576843558,Q4,lat
1.10225182,Q4,lat
0.4939269,Q4,lat
0.4816954,Q4,lat
0.5489445,Q4,lat
0.11588989,Q4,lat
1.321681044,Q4,lat
1.9949493,Q4,lat
0.95581571,Q4,lat
0.72337156,Q4,lat
1.263678427,Q4,lat
0.3597149,Q4,lat
0.32906163,Q4,lat
0.915761436,Q4,lat
0.009314541,Q4,lat
0.011204558,Q4,lat
1.12531168,Q4,lat
0.2404921,Q4,lat
0.2734701,Q4,lat
1.1717735,Q4,lat
0.02800846,Q4,lat
0.089726123,Q4,lat
0.30573857,Q4,lat
1.71343411,Q4,lat
1.42056127,Q4,lat
1.298292422,Q4,lat
0.1243662,Q4,lat
0.74045244,Q4,lat
1.267211044,Q4,lat
1.128950038,Q4,lat
0.340987904,Q4,lat
0.09946873,Q4,lat
0.461874,Q4,lat
0.4521464,Q4,lat
1.5944651,Q4,lat
0.13325693,Q4,lat
1.034158362,Q4,lat
0.12014596,Q4,lat
0.85920659,Q4,lat
0.85215133,Q4,lat
0.981914668,Q4,lat
0.3318615,Q4,lat
0.11389377,Q4,lat
0.219896828,Q4,lat
0.101675951,Q4,lat
0.001986407,Q4,lat
1.09867356,Q4,lat
0.547284,Q4,lat
0.5562961,Q4,lat
0.392529,Q4,lat
0.13821895,Q4,lat
0.766294739,Q4,lat
0.01017317,Q4,lat
0.37446113,Q4,lat
0.14515788,Q4,lat
0.098589262,Q4,lat
0.2848309,Q4,lat
0.22384581,Q4,lat
0.735364083,Q4,lat
0.533387519,Q4,lat
0.527924078,Q4,lat
1.14419173,Q4,form
0.75042875,Q4,form
0.64380888,Q4,form
0.943614,Q4,form
0.054884899,Q4,form
1.39862624,Q4,form
0.11388493,Q4,form
0.5200775,Q4,form
1.5217465,Q4,form
0.3076669,Q4,form
1.58169383,Q4,form
1.1394435,Q4,form
0.24485165,Q4,form
0.090064705,Q4,form
0.33264024,Q4,form
1.01118004,Q4,form
0.41144448,Q4,form
0.55250682,Q4,form
0.3653394,Q4,form
0.993955037,Q4,form
2.50513464,Q4,form
0.41867702,Q4,form
0.5571364,Q4,form
0.4762266,Q4,form
1.72873342,Q4,form
0.28982935,Q4,form
0.97215953,Q4,form
0.28741982,Q4,form
0.545514072,Q4,form
0.14581871,Q4,form
0.01521069,Q4,form
0.59346077,Q4,form
0.45344214,Q4,form
0.3559772,Q4,form
0.004198604,Q4,form
1.42225205,Q4,form
0.33988546,Q4,form
0.5058094,Q4,form
0.1654847,Q4,form
0.37354959,Q4,form
1.93008622,Q4,form
0.18879814,Q4,form
0.54976624,Q4,form
0.232314715,Q4,form
0.03329815,Q4,form
0.03536398,Q4,form
0.61798702,Q4,form
0.48318694,Q4,form
1.3091661,Q4,form
0.005033194,Q4,form
0.55918552,Q4,form
0.06730212,Q4,form
0.4205388,Q4,form
0.6882244,Q4,form
1.09763042,Q4,form
0.86862941,Q4,form
0.39358648,Q4,form
0.86149833,Q4,form
0.366317931,Q4,form
0.07069536,Q4,form
0.06357858,Q4,form
0.34767624,Q4,form
0.47517033,Q4,form
0.7563695,Q4,form
0.01795771,Q4,form
0.04910763,Q4,form
0.05736474,Q4,form
0.36116,Q4,form
0.3365829,Q4,form
0.21134358,Q4,form
1.5131687,Q4,form
0.17970985,Q4,form
0.39792327,Q4,form
0.273922433,Q4,form
0.08305144,Q4,form
0.17442166,Q4,form
0.21278188,Q4,form
0.31157391,Q4,form
1.0138307,Q4,form
0.068732595,Q4,form
1.14597356,Q4,form
0.00310355,Q4,form
0.5921716,Q4,form
0.3911828,Q4,form
0.14378815,Q4,form
0.32023272,Q4,form
0.05337399,Q4,form
0.06244979,Q4,form
0.710940119,Q4,form
0.03873604,Q4,form
0.21069758,Q4,form
1.16863463,Q4,form
1.25803327,Q4,form
1.9019093,Q4,form
0.08534983,Q4,form
1.59949332,Q4,form
0.0301659,Q4,form
0.1586845,Q4,form
0.8054936,Q4,form
1.04713365,Q4,form
0.38254458,Q4,form
0.60475498,Q4,form
0.42356756,Q4,form
0.192145907,Q4,form
0.026051,Q4,form
0.99285062,Q4,form
0.58365027,Q4,form
0.44154422,Q4,form
0.6252984,Q4,form
1.007891323,Q4,form
1.03252134,Q4,form
0.22276049,Q4,form
1.0799177,Q4,form
0.1130316,Q4,form
1.71608274,Q4,form
1.54957248,Q4,form
0.53311719,Q4,form
0.9250734,Q4,form
0.658713429,Q4,form
0.05833927,Q4,form
0.73085789,Q4,form
0.90249148,Q4,form
0.17177334,Q4,form
0.2338429,Q4,form
0.887877957,Q4,form
0.25238626,Q4,form
0.12932191,Q4,form
0.2713998,Q4,form
0.38875,Q4,form
0.39696805,Q4,form
8.33373076,Q4,form
0.07086881,Q4,form
0.77759063,Q4,form
0.600755232,Q4,form
0.05549712,Q4,form
0.64218343,Q4,form
0.01040697,Q4,form
1.0408962,Q4,form
0.4398118,Q4,form
0.152741951,Q4,form
0.44987901,Q4,form
0.18230346,Q4,form
0.7437909,Q4,form
0.95243,Q4,form
0.58292371,Q4,form
0.15192046,Q4,form
0.07019988,Q4,form
1.24921185,Q4,form
0.410369381,Q4,form
0.16905056,Q4,form
0.73085789,Q4,form
0.90249148,Q4,form
0.17177334,Q4,form
0.2338429,Q4,form
0.112122043,Q4,form
0.35238626,Q4,form
0.27067809,Q4,form
0.4286002,Q4,form
0.91125,Q4,form
0.09696805,Q4,form
1.06626924,Q4,form
0.37086881,Q4,form
0.37759063,Q4,form
0.000755232,Q4,form
0.24450288,Q4,form
0.27921875,Q4,form
0.08524539,Q4,form
0.15690093,Q4,form
0.2572485,Q4,form
1.116737941,Q4,form
0.23391953,Q4,form
0.17427188,Q4,form
0.5712355,Q4,form
0.7881045,Q4,form
0.19099153,Q4,form
0.53308857,Q4,form
0.23152536,Q4,form
0.88345668,Q4,form
0.16775684,Q4,form
0.28679852,Q4,form
0.37998519,Q4,form
1.03738584,Q4,form
0.99182308,Q4,form
0.4913041,Q4,form
0.162896928,Q4,form
0.14925219,Q4,form
0.2897902,Q4,form
0.3024114,Q4,form
0.5433499,Q4,form
0.32941262,Q4,form
0.17333326,Q4,form
0.14453295,Q4,form
0.74211715,Q4,form
0.237772918,Q4,form
0.19981252,Q4,form
0.33766329,Q4,form
0.01411928,Q4,form
0.070641,Q4,form
0.3930007,Q4,form
0.143510154,Q4,form
0.28681247,Q4,form
0.07511587,Q4,form
0.9585203,Q4,form
0.2938609,Q4,form
0.45884288,Q4,form
0.35063609,Q4,form
0.03458846,Q4,form
0.36252025,Q4,form
0.376366165,Q4,form
0.03165336,Q4,form
0.40416913,Q4,form
0.06681734,Q4,form
0.02751685,Q4,form
1.5474774,Q4,form
0.173975085,Q4,form
1.18493203,Q4,form
0.1588349,Q4,form
0.1800867,Q4,form
0.921101,Q4,form
0.49830962,Q4,form
0.5148745,Q4,form
0.32121306,Q4,form
0.01619567,Q4,form
0.258576777,Q4,form
0.17493588,Q4,form
0.58978488,Q4,form
0.07417521,Q4,form
0.03644029,Q4,form
0.5615207,Q4,form
0.176744624,Q4,form
0.50614801,Q4,form
1.02099117,Q4,form
0.1254945,Q4,form
0.2872137,Q4,form
0.26553387,Q4,form
0.57525981,Q4,form
0.63735044,Q4,form
0.04028471,Q4,form
0.238777741,Q4,form
0.39371672,Q4,form
0.46059834,Q4,form
0.13549083,Q4,form
0.1108023,Q4,form
0.6785485,Q4,form
0.199824117,Q4,form
0.70151832,Q4,form
0.46103987,Q4,form
0.461329,Q4,form
1.3285135,Q4,form
0.27426405,Q4,form
0.02152927,Q4,form
0.4253796,Q4,form
0.78904553,Q4,form
0.37378578,Q4,form
0.04977628,Q4,form
