ID,Species,Latitude,Longitude,Zone,Basin,Sub.basin
AD19-001,p.latipinna,27.8188,-97.0734,Z2,7040048420,7050048630
AD19-002,p.latipinna,27.8188,-97.0734,Z2,7040048420,7050048630
AD19-003,p.latipinna,27.8188,-97.0734,Z2,7040048420,7050048630
AD19-004,p.latipinna,27.8188,-97.0734,Z2,7040048420,7050048630
AD19-005,p.latipinna,27.8188,-97.0734,Z2,7040048420,7050048630
AD19-006,p.latipinna,27.8188,-97.0734,Z2,7040048420,7050048630
AD19-007,p.latipinna,27.8188,-97.0734,Z2,7040048420,7050048630
AD19-008,p.latipinna,27.8188,-97.0734,Z2,7040048420,7050048630
AD19-009,p.latipinna,27.8188,-97.0734,Z2,7040048420,7050048630
AD19-010,p.latipinna,27.8188,-97.0734,Z2,7040048420,7050048630
AD19-011,p.latipinna,27.8188,-97.0734,Z2,7040048420,7050048630
AD19-012,p.latipinna,27.8188,-97.0734,Z2,7040048420,7050048630
AD19-013,p.latipinna,27.8188,-97.0734,Z2,7040048420,7050048630
AD19-014,p.latipinna,27.8188,-97.0734,Z2,7040048420,7050048630
AD19-015,p.latipinna,27.8188,-97.0734,Z2,7040048420,7050048630
AD19-016,p.latipinna,27.8188,-97.0734,Z2,7040048420,7050048630
AD19-017,p.latipinna,27.8188,-97.0734,Z2,7040048420,7050048630
AD19-018,p.latipinna,27.8188,-97.0734,Z2,7040048420,7050048630
AD19-019,p.latipinna,27.8188,-97.0734,Z2,7040048420,7050048630
AD19-020,p.latipinna,27.8188,-97.0734,Z2,7040048420,7050048630
AD19-021,p.latipinna,27.8188,-97.0734,Z2,7040048420,7050048630
AD19-022,p.latipinna,27.8188,-97.0734,Z2,7040048420,7050048630
AD19-023,p.latipinna,27.8188,-97.0734,Z2,7040048420,7050048630
AD19-024,p.latipinna,27.8188,-97.0734,Z2,7040048420,7050048630
AD19-025,p.latipinna,27.8188,-97.0734,Z2,7040048420,7050048630
AD19-051,p.latipinna,27.6825,-97.7431,Z2,7040048420,7050048870
AD19-052,p.latipinna,27.6825,-97.7431,Z2,7040048420,7050048870
AD19-053,p.latipinna,27.6825,-97.7431,Z2,7040048420,7050048870
AD20-086,p.latipinna,26.07,-97.9612,Z1,7040049270,7050049270
AD20-087,p.latipinna,26.07,-97.9612,Z1,7040049270,7050049270
AD20-088,p.latipinna,26.07,-97.9612,Z1,7040049270,7050049270
AD22-020,p.latipinna,28.4966,-96.8436,Z2,7040048420,7050048860
AD22-021,p.latipinna,28.4966,-96.8436,Z2,7040048420,7050048860
AD22-022,p.latipinna,28.4966,-96.8436,Z2,7040048420,7050048860
AD22-038,p.latipinna,28.88297,-95.58666,Z3,7040048310,7050048310
AD22-039,p.latipinna,28.88297,-95.58666,Z3,7040048310,7050048310
AD22-040,p.latipinna,28.88297,-95.58666,Z3,7040048310,7050048310
AD22-041,p.latipinna,28.88297,-95.58666,Z3,7040048310,7050048310
AD22-042,p.latipinna,28.88297,-95.58666,Z3,7040048310,7050048310
AD22-043,p.latipinna,28.88297,-95.58666,Z3,7040048310,7050048310
AD22-044,p.latipinna,28.88297,-95.58666,Z3,7040048310,7050048310
AD22-045,p.latipinna,28.88297,-95.58666,Z3,7040048310,7050048310
AD22-046,p.latipinna,28.88297,-95.58666,Z3,7040048310,7050048310
AD22-047,p.latipinna,28.88297,-95.58666,Z3,7040048310,7050048310
AD22-048,p.latipinna,28.95043,-95.55517,Z3,7040048310,7050048310
AD22-049,p.latipinna,28.95043,-95.55517,Z3,7040048310,7050048310
AD22-050,p.latipinna,28.95043,-95.55517,Z3,7040048310,7050048310
AD22-051,p.latipinna,29.2182,-98.2628,Z3,7040048420,7050048620
AD22-052,p.latipinna,29.2182,-98.2628,Z3,7040048420,7050048620
AD22-053,p.latipinna,29.8617,-97.9229,Z4,7040048420,7050048620
AD22-054,p.latipinna,29.8733,-97.9312,Z4,7040048420,7050048620
AD22-055,p.latipinna,29.8733,-97.9312,Z4,7040048420,7050048620
AD22-056,p.latipinna,29.8733,-97.9312,Z4,7040048420,7050048620
AD22-057,p.latipinna,29.8733,-97.9312,Z4,7040048420,7050048620
AD22-058,p.latipinna,29.8733,-97.9312,Z4,7040048420,7050048620
AD22-059,p.latipinna,29.8733,-97.9312,Z4,7040048420,7050048620
AD22-060,p.latipinna,29.8733,-97.9312,Z4,7040048420,7050048620
AD22-061,p.latipinna,29.8733,-97.9312,Z4,7040048420,7050048620
AD22-062,p.latipinna,29.8733,-97.9312,Z4,7040048420,7050048620
AD22-063,p.latipinna,29.8733,-97.9312,Z4,7040048420,7050048620
AD22-064,p.latipinna,29.8733,-97.9312,Z4,7040048420,7050048620
AD22-065,p.latipinna,29.8733,-97.9312,Z4,7040048420,7050048620
AD22-066,p.latipinna,29.8733,-97.9312,Z4,7040048420,7050048620
AD22-067,p.latipinna,29.8733,-97.9312,Z4,7040048420,7050048620
AD22-068,p.latipinna,29.8571,-97.8969,Z4,7040048420,7050048620
AD22-069,p.latipinna,29.8571,-97.8969,Z4,7040048420,7050048620
AD22-070,p.latipinna,29.8571,-97.8969,Z4,7040048420,7050048620
AD22-071,p.latipinna,29.8571,-97.8969,Z4,7040048420,7050048620
AD22-072,p.latipinna,29.8571,-97.8969,Z4,7040048420,7050048620
AD22-073,p.latipinna,29.8571,-97.8969,Z4,7040048420,7050048620
AD22-074,p.latipinna,29.8571,-97.8969,Z4,7040048420,7050048620
AD22-089,p.latipinna,28.6566,-97.3902,Z3,7040048420,7050048620
AD22-090,p.latipinna,28.6566,-97.3902,Z3,7040048420,7050048620
AD22-091,p.latipinna,28.6566,-97.3902,Z3,7040048420,7050048620
AD22-092,p.latipinna,28.6566,-97.3902,Z3,7040048420,7050048620
AD22-093,p.latipinna,28.6566,-97.3902,Z3,7040048420,7050048620
AD22-094,p.latipinna,28.6566,-97.3902,Z3,7040048420,7050048620
AD22-095,p.latipinna,28.6566,-97.3902,Z3,7040048420,7050048620
AD22-096,p.latipinna,28.6566,-97.3902,Z3,7040048420,7050048620
AD22-097,p.latipinna,28.6566,-97.3902,Z3,7040048420,7050048620
AD22-098,p.latipinna,28.6566,-97.3902,Z3,7040048420,7050048620
AD22-099,p.latipinna,28.6566,-97.3902,Z3,7040048420,7050048620
AD22-100,p.latipinna,28.6566,-97.3902,Z3,7040048420,7050048620
AD22-101,p.latipinna,28.5023,-96.647,Z3,7040048420,7050048490
AD23-001,p.latipinna,28.5023,-96.647,Z3,7040048420,7050048490
AD23-002,p.latipinna,28.5023,-96.647,Z3,7040048420,7050048490
AD23-003,p.latipinna,28.5023,-96.647,Z3,7040048420,7050048490
AD23-004,p.latipinna,28.5023,-96.647,Z3,7040048420,7050048490
AD23-005,p.latipinna,28.5023,-96.647,Z3,7040048420,7050048490
AD23-006,p.latipinna,28.5023,-96.647,Z3,7040048420,7050048490
AD23-007,p.latipinna,28.5023,-96.647,Z3,7040048420,7050048490
AD23-008,p.latipinna,28.5023,-96.647,Z3,7040048420,7050048490
AD23-013,p.latipinna,26.0223,-97.4582,Z1,7040048420,7050049130
AD23-014,p.latipinna,26.0223,-97.4582,Z1,7040048420,7050049130
AD23-015,p.latipinna,26.0223,-97.4582,Z1,7040048420,7050049130
AD23-016,p.latipinna,26.0223,-97.4582,Z1,7040048420,7050049130
AD23-017,p.latipinna,26.0223,-97.4582,Z1,7040048420,7050049130
AD23-018,p.latipinna,26.0223,-97.4582,Z1,7040048420,7050049130
AD23-019,p.latipinna,26.0223,-97.4582,Z1,7040048420,7050049130
AD23-020,p.latipinna,26.0223,-97.4582,Z1,7040048420,7050049130
AD23-021,p.latipinna,26.0223,-97.4582,Z1,7040048420,7050049130
AD23-022,p.latipinna,26.0223,-97.4582,Z1,7040048420,7050049130
AD23-023,p.latipinna,26.0223,-97.4582,Z1,7040048420,7050049130
AD23-024,p.latipinna,26.0223,-97.4582,Z1,7040048420,7050049130
AD23-025,p.latipinna,26.0223,-97.4582,Z1,7040048420,7050049130
AD23-026,p.latipinna,26.0223,-97.4582,Z1,7040048420,7050049130
AD23-027,p.latipinna,26.0223,-97.4582,Z1,7040048420,7050049130
AD23-028,p.latipinna,26.0223,-97.4582,Z1,7040048420,7050049130
AD23-029,p.latipinna,26.0223,-97.4582,Z1,7040048420,7050049130
AD23-030,p.latipinna,26.0223,-97.4582,Z1,7040048420,7050049130
AD23-031,p.latipinna,26.0223,-97.4582,Z1,7040048420,7050049130
AD23-032,p.latipinna,26.0223,-97.4582,Z1,7040048420,7050049130
AD23-033,p.latipinna,26.0223,-97.4582,Z1,7040048420,7050049130
AD23-034,p.latipinna,26.0223,-97.4582,Z1,7040048420,7050049130
AD23-035,p.latipinna,26.0223,-97.4582,Z1,7040048420,7050049130
AD23-036,p.latipinna,26.0223,-97.4582,Z1,7040048420,7050049130
AD23-120,p.latipinna,22.3,-97.8666667,Z1,7040049280,7050049280
AD23-121,p.latipinna,22.3,-97.8666667,Z1,7040049280,7050049280
AD23-122,p.latipinna,22.3,-97.8666667,Z1,7040049280,7050049280
AD23-123,p.latipinna,22.3,-97.8666667,Z1,7040049280,7050049280
AD23-124,p.latipinna,22.3,-97.8666667,Z1,7040049280,7050049280
AD23-125,p.latipinna,22.3,-97.8666667,Z1,7040049280,7050049280
AD23-126,p.latipinna,22.3,-97.8666667,Z1,7040049280,7050049280
AD23-127,p.latipinna,22.3,-97.8666667,Z1,7040049280,7050049280
AD23-128,p.latipinna,22.3,-97.8666667,Z1,7040049280,7050049280
AD23-129,p.latipinna,22.3,-97.8666667,Z1,7040049280,7050049280
AD23-130,p.latipinna,22.3,-97.8666667,Z1,7040049280,7050049280
AD23-131,p.latipinna,22.3,-97.8666667,Z1,7040049280,7050049280
AD23-132,p.latipinna,22.3,-97.8666667,Z1,7040049280,7050049280
AD23-133,p.latipinna,22.3,-97.8666667,Z1,7040049280,7050049280
AD23-134,p.latipinna,22.3,-97.8666667,Z1,7040049280,7050049280
AD23-135,p.latipinna,22.3,-97.8666667,Z1,7040049280,7050049280
AD23-136,p.latipinna,22.3,-97.8666667,Z1,7040049280,7050049280
AD23-137,p.latipinna,22.3,-97.8666667,Z1,7040049280,7050049280
AD23-138,p.latipinna,22.3,-97.8666667,Z1,7040049280,7050049280
AD23-139,p.latipinna,22.3,-97.8666667,Z1,7040049280,7050049280
AD23-140,p.latipinna,22.3,-97.9166667,Z1,7040049990,7050820630
AD23-141,p.latipinna,22.3,-97.9166667,Z1,7040049990,7050820630
AD23-142,p.latipinna,22.3,-97.9166667,Z1,7040049990,7050820630
AD23-143,p.latipinna,22.3,-97.9166667,Z1,7040049990,7050820630
AD23-144,p.latipinna,22.3,-97.9166667,Z1,7040049990,7050820630
AD23-145,p.latipinna,22.3,-97.9166667,Z1,7040049990,7050820630
AD23-146,p.latipinna,22.3,-97.9166667,Z1,7040049990,7050820630
AD23-147,p.latipinna,22.3,-97.9166667,Z1,7040049990,7050820630
AD23-148,p.latipinna,22.3,-97.9166667,Z1,7040049990,7050820630
AD23-149,p.latipinna,22.3,-97.9166667,Z1,7040049990,7050820630
AD23-150,p.latipinna,22.3,-97.9166667,Z1,7040049990,7050820630
AD23-151,p.latipinna,22.3,-97.9166667,Z1,7040049990,7050820630
AD23-152,p.latipinna,22.3,-97.9166667,Z1,7040049990,7050820630
AD23-153,p.latipinna,22.3,-97.9166667,Z1,7040049990,7050820630
AD23-154,p.latipinna,22.3,-97.9166667,Z1,7040049990,7050820630
AD23-155,p.latipinna,22.3,-97.9166667,Z1,7040049990,7050820630
AD23-156,p.latipinna,22.3,-97.9166667,Z1,7040049990,7050820630
AD23-157,p.latipinna,22.3,-97.9166667,Z1,7040049990,7050820630
AD23-158,p.latipinna,22.3,-97.9166667,Z1,7040049990,7050820630
AD23-159,p.latipinna,22.3,-97.9166667,Z1,7040049990,7050820630
AD19-026,p.formosa,27.6825,-97.7431,Z2,7040048420,7050048870
AD19-027,p.formosa,27.6825,-97.7431,Z2,7040048420,7050048870
AD19-028,p.formosa,27.6825,-97.7431,Z2,7040048420,7050048870
AD19-029,p.formosa,27.6825,-97.7431,Z2,7040048420,7050048870
AD19-030,p.formosa,27.6825,-97.7431,Z2,7040048420,7050048870
AD19-031,p.formosa,27.6825,-97.7431,Z2,7040048420,7050048870
AD19-032,p.formosa,27.6825,-97.7431,Z2,7040048420,7050048870
AD19-033,p.formosa,27.6825,-97.7431,Z2,7040048420,7050048870
AD19-034,p.formosa,27.6825,-97.7431,Z2,7040048420,7050048870
AD19-035,p.formosa,27.6825,-97.7431,Z2,7040048420,7050048870
AD19-036,p.formosa,27.6825,-97.7431,Z2,7040048420,7050048870
AD19-037,p.formosa,27.6825,-97.7431,Z2,7040048420,7050048870
AD19-038,p.formosa,27.6825,-97.7431,Z2,7040048420,7050048870
AD19-039,p.formosa,27.6825,-97.7431,Z2,7040048420,7050048870
AD19-040,p.formosa,27.6825,-97.7431,Z2,7040048420,7050048870
AD19-041,p.formosa,27.6825,-97.7431,Z2,7040048420,7050048870
AD19-042,p.formosa,27.6825,-97.7431,Z2,7040048420,7050048870
AD19-043,p.formosa,27.6825,-97.7431,Z2,7040048420,7050048870
AD19-044,p.formosa,27.6825,-97.7431,Z2,7040048420,7050048870
AD19-045,p.formosa,27.6825,-97.7431,Z2,7040048420,7050048870
AD19-046,p.formosa,27.6825,-97.7431,Z2,7040048420,7050048870
AD19-047,p.formosa,27.6825,-97.7431,Z2,7040048420,7050048870
AD19-048,p.formosa,27.6825,-97.7431,Z2,7040048420,7050048870
AD19-049,p.formosa,27.6825,-97.7431,Z2,7040048420,7050048870
AD19-050,p.formosa,27.6825,-97.7431,Z2,7040048420,7050048870
AD20-054,p.formosa,26.0223,-97.4582,Z1,7040048420,7050048870
AD20-055,p.formosa,26.0223,-97.4582,Z1,7040048420,7050049130
AD20-056,p.formosa,26.0223,-97.4582,Z1,7040048420,7050049130
AD20-057,p.formosa,26.0223,-97.4582,Z1,7040048420,7050049130
AD20-058,p.formosa,26.0223,-97.4582,Z1,7040048420,7050049130
AD20-059,p.formosa,26.0223,-97.4582,Z1,7040048420,7050049130
AD20-060,p.formosa,26.0223,-97.4582,Z1,7040048420,7050049130
AD20-061,p.formosa,26.0223,-97.4582,Z1,7040048420,7050049130
AD20-062,p.formosa,26.0223,-97.4582,Z1,7040048420,7050049130
AD20-063,p.formosa,26.0223,-97.4582,Z1,7040048420,7050049130
AD20-064,p.formosa,26.0223,-97.4582,Z1,7040048420,7050049130
AD20-065,p.formosa,26.0223,-97.4582,Z1,7040048420,7050049130
AD20-066,p.formosa,26.0223,-97.4582,Z1,7040048420,7050049130
AD20-067,p.formosa,26.0223,-97.4582,Z1,7040048420,7050049130
AD20-068,p.formosa,26.0223,-97.4582,Z1,7040048420,7050049130
AD20-069,p.formosa,26.0223,-97.4582,Z1,7040048420,7050049130
AD20-070,p.formosa,26.0223,-97.4582,Z1,7040048420,7050049130
AD20-071,p.formosa,26.0223,-97.4582,Z1,7040048420,7050049130
AD20-072,p.formosa,26.0223,-97.4582,Z1,7040048420,7050049130
AD20-073,p.formosa,26.0223,-97.4582,Z1,7040048420,7050049130
AD20-074,p.formosa,26.0223,-97.4582,Z1,7040048420,7050049130
AD20-075,p.formosa,26.0223,-97.4582,Z1,7040048420,7050049130
AD20-076,p.formosa,26.0223,-97.4582,Z1,7040048420,7050049130
AD20-077,p.formosa,26.0223,-97.4582,Z1,7040048420,7050049130
AD20-078,p.formosa,26.0223,-97.4582,Z1,7040048420,7050049130
AD20-079,p.formosa,26.0223,-97.4582,Z1,7040048420,7050049130
AD20-080,p.formosa,26.0223,-97.4582,Z1,7040048420,7050049130
AD20-081,p.formosa,26.0223,-97.4582,Z1,7040048420,7050049130
AD20-082,p.formosa,26.0223,-97.4582,Z1,7040048420,7050049130
AD20-083,p.formosa,26.0223,-97.4582,Z1,7040048420,7050049130
AD20-084,p.formosa,26.0223,-97.4582,Z1,7040048420,7050049130
AD20-085,p.formosa,26.0223,-97.4582,Z1,7040048420,7050049130
AD20-089,p.formosa,26.07,-97.9612,Z1,7040049270,7050049270
AD20-090,p.formosa,26.07,-97.9612,Z1,7040049270,7050049270
AD22-001,p.formosa,26.07,-97.9612,Z1,7040049270,7050049270
AD22-002,p.formosa,26.07,-97.9612,Z1,7040049270,7050049270
AD22-003,p.formosa,26.07,-97.9612,Z1,7040049270,7050049270
AD22-004,p.formosa,26.07,-97.9612,Z1,7040049270,7050049270
AD22-005,p.formosa,26.07,-97.9612,Z1,7040049270,7050049270
AD22-006,p.formosa,26.07,-97.9612,Z1,7040049270,7050049270
AD22-007,p.formosa,26.07,-97.9612,Z1,7040049270,7050049270
AD22-008,p.formosa,26.07,-97.9612,Z1,7040049270,7050049270
AD22-009,p.formosa,26.07,-97.9612,Z1,7040049270,7050049270
AD22-010,p.formosa,26.07,-97.9612,Z1,7040049270,7050049270
AD22-011,p.formosa,26.07,-97.9612,Z1,7040049270,7050049270
AD22-012,p.formosa,26.07,-97.9612,Z1,7040049270,7050049270
AD22-013,p.formosa,26.07,-97.9612,Z1,7040049270,7050049270
AD22-014,p.formosa,26.07,-97.9612,Z1,7040049270,7050049270
AD22-015,p.formosa,26.07,-97.9612,Z1,7040049270,7050049270
AD22-016,p.formosa,26.07,-97.9612,Z1,7040049270,7050049270
AD22-017,p.formosa,26.07,-97.9612,Z1,7040049270,7050049270
AD22-018,p.formosa,26.07,-97.9612,Z1,7040049270,7050049270
AD22-019,p.formosa,26.07,-97.9612,Z1,7040049270,7050049270
AD22-027,p.formosa,28.4966,-96.8436,Z2,7040048420,7050048620
AD22-028,p.formosa,28.4966,-96.8436,Z2,7040048420,7050048620
AD22-029,p.formosa,28.4966,-96.8436,Z2,7040048420,7050048620
AD22-030,p.formosa,28.4966,-96.8436,Z2,7040048420,7050048620
AD22-031,p.formosa,28.4966,-96.8436,Z2,7040048420,7050048620
AD22-032,p.formosa,28.4966,-96.8436,Z2,7040048420,7050048620
AD22-033,p.formosa,28.4966,-96.8436,Z2,7040048420,7050048620
AD22-034,p.formosa,28.2924,-97.2784,Z2,7040048420,7050048630
AD22-035,p.formosa,28.2924,-97.2784,Z2,7040048420,7050048630
AD22-036,p.formosa,28.2924,-97.2784,Z2,7040048420,7050048630
AD22-037,p.formosa,28.2924,-97.2784,Z2,7040048420,7050048630
AD22-075,p.formosa,28.5789,-96.7007,Z3,7040048420,7050048630
AD22-076,p.formosa,29.8639,-97.9266,Z4,7040048420,7050048630
AD22-077,p.formosa,21.5,-99.7,Z1,7040049990,7050824100
AD22-078,p.formosa,21.5,-99.7,Z1,7040049990,7050824100
AD22-079,p.formosa,21.5,-99.7,Z1,7040049990,7050824100
AD22-080,p.formosa,21.5,-99.7,Z1,7040049990,7050824100
AD22-081,p.formosa,21.5,-99.7,Z1,7040049990,7050824100
AD22-082,p.formosa,21.5,-99.7,Z1,7040049990,7050824100
AD22-083,p.formosa,21.5,-99.7,Z1,7040049990,7050824100
AD22-084,p.formosa,21.5,-99.7,Z1,7040049990,7050824100
AD22-085,p.formosa,21.5,-99.7,Z1,7040049990,7050824100
AD22-086,p.formosa,21.5,-99.7,Z1,7040049990,7050824100
AD22-087,p.formosa,21.5,-99.7,Z1,7040049990,7050824100
AD22-088,p.formosa,21.5,-99.7,Z1,7040049990,7050824100
AD23-037,p.formosa,22.3,-97.9166667,Z1,7040049990,7050820630
AD23-038,p.formosa,22.3,-97.9166667,Z1,7040049990,7050820630
AD23-039,p.formosa,22.3,-97.9166667,Z1,7040049990,7050820630
AD23-040,p.formosa,22.3,-97.9166667,Z1,7040049990,7050820630
AD23-041,p.formosa,22.3,-97.9166667,Z1,7040049990,7050820630
AD23-042,p.formosa,22.3,-97.9166667,Z1,7040049990,7050820630
AD23-043,p.formosa,22.3,-97.9166667,Z1,7040049990,7050820630
AD23-044,p.formosa,22.3,-97.9166667,Z1,7040049990,7050820630
AD23-045,p.formosa,22.3,-97.9166667,Z1,7040049990,7050820630
AD23-046,p.formosa,22.3,-97.9166667,Z1,7040049990,7050820630
AD23-047,p.formosa,22.3,-97.9166667,Z1,7040049990,7050820630
AD23-048,p.formosa,22.3,-97.9166667,Z1,7040049990,7050820630
AD23-049,p.formosa,22.3,-97.9166667,Z1,7040049990,7050820630
AD23-050,p.formosa,22.3,-97.9166667,Z1,7040049990,7050820630
AD23-051,p.formosa,22.3,-97.9166667,Z1,7040049990,7050820630
AD23-052,p.formosa,22.3,-97.9166667,Z1,7040049990,7050820630
AD23-053,p.formosa,22.3,-97.9166667,Z1,7040049990,7050820630
AD23-054,p.formosa,24.9666667,-99.7,Z1,7040049280,7050049280
AD23-055,p.formosa,24.9666667,-99.7,Z1,7040049280,7050049280
AD23-056,p.formosa,24.9666667,-99.7,Z1,7040049280,7050049280
AD23-057,p.formosa,24.9666667,-99.7,Z1,7040049280,7050049280
AD23-058,p.formosa,24.9666667,-99.7,Z1,7040049280,7050049280
AD23-059,p.formosa,24.9666667,-99.7,Z1,7040049280,7050049280
AD23-060,p.formosa,24.9666667,-99.7,Z1,7040049280,7050049280
AD23-061,p.formosa,24.9666667,-99.7,Z1,7040049280,7050049280
AD23-062,p.formosa,24.9666667,-99.7,Z1,7040049280,7050049280
AD23-063,p.formosa,24.9666667,-99.7,Z1,7040049280,7050049280
AD23-064,p.formosa,24.9666667,-99.7,Z1,7040049280,7050049280
AD23-065,p.formosa,24.9666667,-99.7,Z1,7040049280,7050049280
AD23-066,p.formosa,22.3,-97.8666667,Z1,7040049280,7050049280
AD23-067,p.formosa,22.3,-97.8666667,Z1,7040049280,7050049280
AD23-068,p.formosa,22.3,-97.8666667,Z1,7040049280,7050049280
AD23-069,p.formosa,22.3,-97.8666667,Z1,7040049280,7050049280
AD23-070,p.formosa,22.3,-97.8666667,Z1,7040049280,7050049280
AD23-071,p.formosa,22.3,-97.8666667,Z1,7040049280,7050049280
AD23-072,p.formosa,22.3,-97.8666667,Z1,7040049280,7050049280
AD23-073,p.formosa,22.3,-97.8666667,Z1,7040049280,7050049280
AD23-074,p.formosa,22.3,-97.8666667,Z1,7040049280,7050049280
AD23-075,p.formosa,22.3,-97.8666667,Z1,7040049280,7050049280
AD23-076,p.formosa,22.3,-97.8666667,Z1,7040049280,7050049280
AD23-077,p.formosa,22.3,-97.8666667,Z1,7040049280,7050049280
AD23-078,p.formosa,22.3,-97.8666667,Z1,7040049280,7050049280
AD23-079,p.formosa,22.3,-97.8666667,Z1,7040049280,7050049280
AD23-080,p.formosa,22.3,-97.8666667,Z1,7040049280,7050049280
AD23-081,p.formosa,22.3,-97.8666667,Z1,7040049280,7050049280
AD23-082,p.formosa,22.3,-97.8666667,Z1,7040049280,7050049280
AD23-083,p.formosa,22.3,-97.8666667,Z1,7040049280,7050049280
AD23-084,p.formosa,29.5904,-97.585,Z3,7040048420,7050048620
AD23-085,p.formosa,29.5904,-97.585,Z3,7040048420,7050048620
AD23-086,p.formosa,29.5904,-97.585,Z3,7040048420,7050048620
AD23-087,p.formosa,29.5904,-97.585,Z3,7040048420,7050048620
AD23-088,p.formosa,29.5904,-97.585,Z3,7040048420,7050048620
AD23-089,p.formosa,29.5904,-97.585,Z3,7040048420,7050048620
AD23-090,p.formosa,29.5904,-97.585,Z3,7040048420,7050048620
AD23-091,p.formosa,29.5904,-97.585,Z3,7040048420,7050048620
AD23-092,p.formosa,29.5904,-97.585,Z3,7040048420,7050048620
AD23-093,p.formosa,29.5904,-97.585,Z3,7040048420,7050048620
AD23-094,p.formosa,29.5904,-97.585,Z3,7040048420,7050048620
AD23-095,p.formosa,29.5904,-97.585,Z3,7040048420,7050048620
AD23-096,p.formosa,29.5904,-97.585,Z3,7040048420,7050048620
AD23-097,p.formosa,29.5904,-97.585,Z3,7040048420,7050048620
AD23-098,p.formosa,29.5904,-97.585,Z3,7040048420,7050048620
AD23-099,p.formosa,29.5904,-97.585,Z3,7040048420,7050048620
AD23-100,p.formosa,29.5904,-97.585,Z3,7040048420,7050048620
AD23-101,p.formosa,29.5904,-97.585,Z3,7040048420,7050048620
AD23-102,p.formosa,29.8617,-97.9229,Z4,7040048420,7050048620
AD23-103,p.formosa,29.8617,-97.9229,Z4,7040048420,7050048620
AD23-104,p.formosa,29.8617,-97.9229,Z4,7040048420,7050048620
AD23-105,p.formosa,29.8617,-97.9229,Z4,7040048420,7050048620
AD23-106,p.formosa,29.8617,-97.9229,Z4,7040048420,7050048620
AD23-107,p.formosa,29.8617,-97.9229,Z4,7040048420,7050048620
AD23-108,p.formosa,29.8639,-97.9266,Z4,7040048420,7050048620
AD23-109,p.formosa,29.8639,-97.9266,Z4,7040048420,7050048620
AD23-110,p.formosa,29.8639,-97.9266,Z4,7040048420,7050048620
AD23-111,p.formosa,29.8639,-97.9266,Z4,7040048420,7050048620
AD23-112,p.formosa,29.8639,-97.9266,Z4,7040048420,7050048620
AD23-113,p.formosa,29.8639,-97.9266,Z4,7040048420,7050048620
AD23-114,p.formosa,29.8809,-97.9342,Z4,7040048420,7050048620
AD23-115,p.formosa,29.8809,-97.9342,Z4,7040048420,7050048620
AD23-116,p.formosa,29.8809,-97.9342,Z4,7040048420,7050048620
AD23-117,p.formosa,29.8809,-97.9342,Z4,7040048420,7050048620
AD23-118,p.formosa,29.8809,-97.9342,Z4,7040048420,7050048620
AD23-119,p.formosa,29.8809,-97.9342,Z4,7040048420,7050048620
AD23-160,p.mexicana,22.3,-97.8666667,Z1,7040049280,7050049280
AD23-161,p.mexicana,22.3,-97.8666667,Z1,7040049280,7050049280
AD23-162,p.mexicana,22.3,-97.8666667,Z1,7040049280,7050049280
AD23-163,p.mexicana,22.3,-97.8666667,Z1,7040049280,7050049280
AD23-164,p.mexicana,22.3,-97.8666667,Z1,7040049280,7050049280
AD23-165,p.mexicana,22.3,-97.8666667,Z1,7040049280,7050049280
AD23-166,p.mexicana,22.3,-97.8666667,Z1,7040049280,7050049280
AD23-167,p.mexicana,22.3,-97.8666667,Z1,7040049280,7050049280
AD23-168,p.mexicana,22.3,-97.8666667,Z1,7040049280,7050049280
AD23-169,p.mexicana,22.3,-97.8666667,Z1,7040049280,7050049280
AD23-170,p.mexicana,22.3,-97.8666667,Z1,7040049280,7050049280
AD23-171,p.mexicana,22.3,-97.8666667,Z1,7040049280,7050049280
AD23-172,p.mexicana,22.3,-97.8666667,Z1,7040049280,7050049280
AD23-173,p.mexicana,22.3,-97.8666667,Z1,7040049280,7050049280
AD23-174,p.mexicana,22.3,-97.8666667,Z1,7040049280,7050049280
AD23-175,p.mexicana,22.3,-97.8666667,Z1,7040049280,7050049280
AD23-176,p.mexicana,22.3,-97.9166667,Z1,7040049990,7050820630
AD23-177,p.mexicana,22.3,-97.9166667,Z1,7040049990,7050820630
AD23-178,p.mexicana,22.3,-97.9166667,Z1,7040049990,7050820630
AD23-179,p.mexicana,22.3,-97.9166667,Z1,7040049990,7050820630
AD23-180,p.mexicana,22.3,-97.9166667,Z1,7040049990,7050820630
AD23-181,p.mexicana,22.3,-97.9166667,Z1,7040049990,7050820630
AD23-182,p.mexicana,22.3,-97.9166667,Z1,7040049990,7050820630
AD23-183,p.mexicana,22.3,-97.9166667,Z1,7040049990,7050820630
AD23-184,p.mexicana,22.3,-97.9166667,Z1,7040049990,7050820630
AD23-185,p.mexicana,22.3,-97.9166667,Z1,7040049990,7050820630
AD23-186,p.mexicana,22.3,-97.9166667,Z1,7040049990,7050820630
AD23-187,p.mexicana,22.3,-97.9166667,Z1,7040049990,7050820630
AD23-188,p.mexicana,22.3,-97.9166667,Z1,7040049990,7050820630
AD23-189,p.mexicana,22.3,-97.9166667,Z1,7040049990,7050820630
AD23-190,p.mexicana,22.3,-97.9166667,Z1,7040049990,7050820630
AD23-191,p.mexicana,22.3,-97.9166667,Z1,7040049990,7050820630
AD23-192,p.mexicana,22.3,-97.9166667,Z1,7040049990,7050820630
AD23-193,p.mexicana,22.3,-97.9166667,Z1,7040049990,7050820630
AD23-194,p.mexicana,22.3,-97.9166667,Z1,7040049990,7050820630
AD23-195,p.mexicana,22.3,-97.9166667,Z1,7040049990,7050820630
