ID,SPP,SL.dig,BD1.dig,BD2.dig,CPD.dig,CPL.dig,PreDL.dig,DbL.dig,HL.dig,HD1.dig,HD2.dig,SnL.dig,OL.dig,SL.man,BD1.man,CPD.man,CPL.man,PreDL.man,DbL.man,HL.man,HD1.man,SnL.man,OL.man
AD19-001,p.lat,44.90279073,16.13108521,19.81447673,8.921525774,14.38440998,15.18219516,10.52986021,8.463702495,9.557979002,9.274355904,3.277648768,3.477303591,41.7,15.6,7.8,12.6,22.3,11.3,10,10.5,3.7,3.5
AD19-002,p.lat,44.79936319,16.15634215,18.25428803,9.688694626,14.49805126,12.60430572,12.16986625,9.479809367,10.57167125,10.00177554,3.249858683,3.753442619,42.9,14.9,8.5,13,20.9,11.2,13.3,9.5,3.7,3.4
AD19-003,p.lat,53.02279557,16.73772087,21.33436459,11.13858637,17.75575998,16.79446412,13.05555078,9.631636997,11.78624463,10.37245903,3.403451373,3.687564406,52.9,16,9.6,16.7,25.9,13,14,11,4.4,3.7
AD19-004,p.lat,33.5616067,12.27072939,14.19888135,6.896283182,9.999570524,10.24907136,8.82578226,7.248853638,8.195088779,7.774786498,2.788577106,2.968031487,32.7,11.3,5.9,10.2,16.9,8.2,10,7.3,2.6,2.6
AD19-005,p.lat,43.48504292,14.08957506,17.48890575,7.99829702,13.62765592,14.05960536,10.69248091,7.847029398,9.572763827,8.671435331,2.684007636,3.35106015,42.2,13.4,7,12.8,21.1,10.7,9.2,9.5,2.8,3.3
AD19-006,p.lat,42.6312292,14.42539475,17.8452719,8.507389096,13.45425005,13.6786341,10.60425455,8.071741382,9.832627145,9.140577593,3.126222188,3.420088673,40,13.7,8,11.9,20.5,11,9.2,10.7,2.8,3.1
AD19-007,p.lat,34.94410677,13.42995796,15.51282807,6.57306,10.52119565,11.4857877,8.350434641,6.833956979,8.38287682,7.691224614,2.531998383,2.93227849,33.1,12.3,5.9,9.5,18.3,8.7,8.5,8.2,3.3,2.9
AD19-008,p.lat,32.50975815,11.84902306,14.49242859,5.601667153,9.600287126,11.58521274,7.556732397,6.113723754,7.155494622,6.742557644,2.4988595,2.637681439,33.3,10.9,5.1,10.1,17.5,7.5,7.7,8.1,3.2,2.7
AD19-009,p.lat,36.0168405,11.85167174,14.13047747,7.01433,11.69811612,10.31260571,9.071308631,7.884379914,8.61859297,8.253377344,2.501902021,3.165210082,34.7,11.1,6.2,10.2,18.3,8.9,8.3,8.5,3.2,3.1
AD19-010,p.lat,42.41517647,14.30005053,17.9743392,8.427959969,13.61941409,13.88685214,11.00459943,8.042670247,9.509717923,8.853028464,2.588906485,3.612886939,41.4,13.6,7.6,12.7,21,10.5,8.8,9.5,3.8,3.6
AD19-011,p.lat,42.49140606,14.25732848,17.67486104,8.151812859,13.21777032,14.3259,11.02492243,7.683834533,9.811777088,9.024718549,2.744207548,3.37185321,41.7,13.5,7.7,12.5,20.7,10.3,9.4,9.7,3.2,3.8
AD19-012,p.lat,31.50549389,11.23418603,14.18289948,5.952394115,9.247981439,10.22787952,7.265943634,6.459931614,7.484377229,6.926236569,2.292120264,2.755137747,30.1,10.6,5.7,8.2,16.2,6.9,7.3,7.3,3,2.7
AD19-013,p.lat,32.84480506,10.90475964,14.29477672,6.045647128,10.05420763,11.14564572,8.555174171,6.176353236,7.008296368,6.497859968,1.990011438,2.720084893,31.8,10.6,5.4,9.7,17,8.2,7.5,7.3,3,2.8
AD19-014,p.lat,42.43166556,14.89627868,17.49002048,8.541283696,13.75380397,13.4283022,10.78501424,7.739411999,9.592132673,8.709926191,2.755303811,3.302621863,40.1,13.7,8.2,12.4,20.8,11.5,7.4,9,3.8,3.2
AD19-015,p.lat,45.14989679,14.24750338,17.55544366,8.356719477,15.72838465,12.38058488,11.31220169,9.373334632,9.863245297,9.722207937,3.502404182,3.583866331,39.7,13.9,7.6,12.7,19.9,10.1,8.6,9.5,3.6,3.6
AD19-016,p.lat,33.06456575,12.0176684,13.90560026,6.36174,10.47378461,10.58690042,7.917929607,6.175656945,7.430800319,6.907930176,2.106224919,2.946908689,32.4,11.8,5.7,9.3,16.2,8.6,6.9,7.1,3.1,2.9
AD19-017,p.lat,32.57754383,11.86907464,13.9079609,5.992490937,9.842121871,9.987073533,8.415195866,6.680408058,7.499762789,7.264659506,2.211974737,2.949669198,30.7,11.8,5.2,9.4,16.3,7.9,7.5,7.5,3.1,2.9
AD19-018,p.lat,42.9440083,14.29494808,16.9282619,8.206932009,13.87152736,13.0996944,11.21471669,7.911734522,9.766842114,9.083083224,3.075377795,3.373053585,40.3,13.3,7.4,11.9,20.5,11.4,9.9,9.5,4.1,3.3
AD19-019,p.lat,34.75538114,12.16080572,14.01803977,6.282051754,10.67023943,10.78874846,8.438289514,6.538170998,8.019920648,7.26740407,2.53667808,2.926440514,31.7,11.1,5.4,9,17,7.7,7.9,7.3,3,3
AD19-020,p.lat,41.44329229,14.64703991,17.65888107,8.095675957,13.19811231,12.54033169,10.89089907,8.326823071,9.160600948,8.748741272,2.892857146,3.292809092,39.8,14.6,7.6,11.8,20.3,9.8,9.1,9.5,4.3,3.4
AD19-021,p.lat,42.47258513,15.15711027,18.49303252,8.287028162,13.31634934,12.87012242,10.42251966,9.125642224,10.06346871,9.658657946,2.916316982,3.28801906,41.1,15,7.4,11.6,21.7,11,9.7,9.6,3.6,3.2
AD19-022,p.lat,41.27771985,13.64335392,16.73071614,8.470714256,13.30795439,11.20063893,10.76546852,9.471544555,9.69561241,9.533143828,2.633259624,3.190474103,39.7,13,8,11.7,20.6,10.7,9,9,3.7,3.1
AD19-023,p.lat,43.83312731,15.32632282,18.7930065,8.899783737,14.30008787,13.65235462,11.28525716,8.374085986,9.432731276,9.384368177,2.796031269,3.301418656,41.4,14.5,8,12.1,21.5,10.8,8.9,9.5,3.9,3.2
AD19-024,p.lat,33.37795435,12.48429971,14.45352492,7.107966787,10.14812838,9.205329018,9.467330898,7.421118837,8.033243366,7.918480174,2.414470182,2.654629113,41.3,15.9,8.3,12.3,21.8,11.8,8.7,9.6,4.1,3.7
AD19-025,p.lat,31.69307887,11.10012735,13.48942274,6.025892108,9.733072409,8.516946832,8.217514969,7.850858672,7.730623403,7.655135383,2.710265541,2.52860361,29.9,10.7,5.2,8.8,15.9,7.7,6,6.7,3.5,3
AD19-026,p.form,48.79529569,16.6038439,20.55793696,8.954194211,16.46761339,16.816062,9.860906257,9.528015938,9.980122899,9.311459871,3.569003619,3.711389772,47.3,15.1,8.7,15.6,25.1,9.8,9.1,8,4,3.8
AD19-027,p.form,38.86759096,12.76292171,16.9714939,7.763304545,13.1463435,10.38919947,7.031166264,11.08534867,9.523607296,9.847245134,2.383096377,3.294457468,37.2,12.2,7,11.2,20.5,8.4,7.2,7.7,3,3.5
AD19-028,p.form,35.8637562,10.9893025,15.14531628,6.749206746,11.88817192,10.61571187,6.322179442,9.33559634,8.080025506,8.253849766,2.320844911,2.963347525,32.7,10.1,5.9,9.6,19.5,6.8,7.2,6.4,2.8,3.1
AD19-029,p.form,43.47716467,15.14480909,18.7871609,8.350877181,14.52436418,13.2654895,8.146838259,10.1848963,9.461971195,9.296237123,2.979988129,3.526830442,37.6,13.1,7.4,11.5,22.1,8.3,8.3,7.9,3.4,3.3
AD19-030,p.form,42.3367228,14.33722986,18.0104108,8.362763479,14.01305364,13.84941664,7.948648439,9.284456086,8.913266731,8.640344589,3.092826721,3.531362998,41.1,14.2,7.7,12.9,23.2,8.6,9,7.8,3.8,3.8
AD19-031,p.form,39.23750836,12.40019179,16.76011342,7.632029057,13.25321959,12.32025837,7.661923367,9.297194467,8.666124669,8.602928658,2.690739292,3.276647953,36.8,11.3,6.7,11.1,21.6,7.2,7.4,7.3,3.3,3.4
AD19-032,p.form,50.92307273,17.86081549,20.45045432,10.59727078,18.78300437,14.58443836,11.62653843,10.83080141,11.46249715,11.06470835,3.099924528,3.930702146,48.2,16.3,10.1,15.9,25.5,11.3,10.5,9.8,4.7,4.4
AD19-033,p.form,55.12678265,19.36568943,24.04361171,10.96780185,18.92931052,13.26391066,11.4972094,16.62298518,14.0437682,14.39724899,3.671981737,4.117851071,50.9,17.9,10.2,14.6,28.8,11.9,9.8,9.2,4.2,3.8
AD19-034,p.form,44.83476589,15.25068553,19.5762055,8.845722335,14.87899975,14.02167404,8.698308288,10.49115433,9.753185465,9.730321195,3.193309816,3.67092,41.2,14.4,7.5,12.1,23.3,9.3,9.3,8.9,3.6,3.5
AD19-035,p.form,39.82835341,12.04357753,16.5194446,7.774236393,13.33146596,11.195133,7.203927504,10.42150264,8.88762524,9.103395311,3.023363097,3.311883097,36.9,11.2,7,10.4,21.6,7.2,8.1,7.8,3.7,3.4
AD19-036,p.form,52.00939515,18.28903759,22.49586984,9.913937664,16.93405185,20.66629527,10.93456465,7.565701554,10.20695057,8.753975097,3.205480307,3.744574742,48.4,16.8,9.3,14.4,28.3,10.3,9.4,9.7,4.5,3.8
AD19-037,p.form,46.72736566,16.14318444,20.52559856,9.18414,15.77983379,10.16756067,8.859707438,15.49851223,12.69698852,13.46474695,3.178527695,3.587096829,43.4,15,8.5,13.1,25.3,9.3,10.2,8.9,4,3.3
AD19-038,p.form,38.88202941,12.391897,16.36539983,7.420975928,12.48163642,13.63977344,7.243970889,7.6139632,8.033421636,7.811080559,2.831865579,3.207087135,36.1,11.5,6.3,10.3,21.8,6.2,9.2,7.6,3.2,3.2
AD19-039,p.form,43.10624805,15.28427341,19.44724388,8.612929011,14.63599467,14.31171106,8.046695498,9.766804748,9.286382172,9.110883668,2.687241917,3.406439849,40.8,13.5,7.3,12.3,24.1,8.2,9.7,9,3.7,3.5
AD19-040,p.form,40.22707948,13.19898855,17.67634685,7.739524017,13.3333709,13.29797069,7.255940757,9.415498673,8.747147959,8.714354047,2.611657565,3.139680787,38.2,11.9,6.8,11.8,22.9,7.1,9.2,8.5,3.6,3.1
AD19-041,p.form,57.96078697,20.09301958,24.69977576,10.69301058,19.29881195,19.53892882,12.26994281,11.95241938,11.80294312,11.04659017,3.963108431,4.130664986,55.4,18.8,9.7,16.8,31.1,11.8,12.9,11.6,4.2,4.2
AD19-042,p.form,54.78502336,18.21453696,23.06196276,9.759807744,19.70976256,20.94597594,10.30489121,8.200577455,10.52540209,9.017696861,4.140889383,4.2018,46.8,16.3,8.9,14.7,28.5,9.9,11.2,9.3,3.7,3.6
AD19-043,p.form,40.25551097,12.62111164,16.19576383,7.288743586,14.74981971,15.71596877,7.276663314,5.359452495,7.714041319,6.502003805,2.398751123,3.364248611,35.5,11.7,6,10.6,20.7,6.7,8.4,7.8,3.3,3.1
AD19-044,p.form,50.39483944,17.01673175,20.78123395,8.996852957,17.74085002,19.15085948,10.23605969,7.17344677,9.844996451,8.262642015,2.98049963,3.809183396,43.5,14.8,8,12.7,24.6,9.5,9.2,9.2,4,3.7
AD19-045,p.form,47.88331124,16.08096592,20.04481373,8.793422736,16.3591538,17.43085294,9.184878001,7.955041486,9.668736189,8.501272868,3.340394728,3.782452744,41.2,14.3,7.6,11.9,23.7,8.6,9.2,8.5,3.4,3.9
AD19-046,p.form,43.73380305,13.50482198,17.88468996,8.116831262,16.04139917,14.32690995,7.854980811,8.898744379,8.520684289,8.213445434,2.771424702,3.351129281,36.8,11.9,6.7,10.8,22.1,8,8.5,8,3.4,3.4
AD19-047,p.form,52.6401227,17.69433144,21.90547542,9.997067522,17.93551288,19.06272691,9.953494343,9.302803015,10.92371395,9.604680026,4.070183146,3.974840015,45.7,15.7,8.8,14,27.4,9,9.7,9.4,4.3,3.9
AD19-048,p.form,46.72743036,14.35457843,18.49020754,8.521558551,16.22062081,14.35457843,8.308389381,10.10049859,9.546871045,8.973581189,3.279692773,3.733929442,40,13,7.1,12.3,23.1,8.8,9.5,8.6,3.5,3.2
AD19-049,p.form,55.30169248,17.51056431,22.46378307,9.660698949,19.82037757,17.41346722,10.98159085,12.04424761,10.81989525,10.48762371,3.681681519,4.029308895,48.8,16,9,14.4,28.7,9.6,10.7,10.6,4,3.9
AD19-050,p.form,56.7179845,18.39773755,23.28957037,10.67678884,20.12233727,18.071036,10.66116063,11.70813424,11.79491847,11.21817808,4.602397574,4.213002186,48.7,16.5,9.5,14.2,28.6,11.1,11.6,10.4,4.8,3.8
AD20-054,p.form,32.52381236,10.78795825,14.25271909,5.884531225,10.84572786,13.07801049,5.747575172,5.493218713,6.780720025,6.043164637,2.31237039,2.764192628,30.2,10,5,10,18,6,9,7,3,3
AD20-056,p.form,38.66256188,12.84687923,16.65494688,7.475454369,12.73966577,15.18187885,7.87006035,6.387632557,8.290400546,7.116453694,3.309174619,3.111261733,35,11,7,10,21,7,11,8,3,3
AD20-057,p.form,36.94155392,12.21286022,15.49856356,7.146491608,12.79783433,14.33752322,6.856145788,5.943730995,8.002438261,6.688374657,2.623396376,3.16582844,32,10,6,10,19,6,10,7,3,3
AD20-058,p.form,41.95716,14.20381929,17.95191695,7.859680783,13.25986742,14.06452713,8.282061556,9.447169486,9.119799826,8.642260016,3.341574438,3.400746395,38,14,8,12,22,8,11,8,3,3
AD20-059,p.form,28.01721001,8.989485646,11.39930465,4.84985959,9.94950097,11.22964733,4.593925639,3.975547125,6.047669572,4.908747893,1.92853409,2.309150702,24.7,8.1,4.2,8.1,14.5,4.6,6.9,5.8,1.9,2.3
AD20-060,p.form,40.0914448,13.42402315,17.07171117,7.335355596,13.05568056,15.73748725,7.86465802,6.475490279,8.29746117,7.086256681,2.440820741,3.324361473,37,12.1,6.8,10.8,21.5,7.9,10.5,8.2,3.5,3.1
AD20-061,p.form,39.61944171,12.74185438,17.3564498,7.485901791,12.85563361,12.54703546,7.746756721,10.0232533,8.865972156,8.755935473,2.961019544,3.100369275,38.4,11.8,6.6,12.1,21.9,7.5,10.4,8.4,3.3,3.2
AD20-062,p.form,45.54975891,14.25707234,19.20607049,8.542175963,15.14520426,17.64815333,9.34668826,7.552250503,9.76945638,8.341666454,2.752244033,3.1891155,43.2,12.9,8,13.5,25.4,8.4,11.6,9.6,3.7,3.4
AD20-063,p.form,27.06189022,8.562255165,11.64863335,4.639093903,9.227168388,11.29087436,4.341121863,4.426876819,5.962191241,4.656109832,1.994616884,2.2784,24.9,7.7,4.5,8.3,14.5,5.5,6.3,5.5,2.5,2.3
AD20-064,p.form,37.94643022,12.54517296,16.44385701,7.3034594,12.13133228,14.79178153,7.356259785,6.76854687,7.980243032,7.192776507,3.035850678,3.226629122,35.7,11.3,6.5,10.4,20.4,7.5,8.7,7.9,3,3.1
AD20-065,p.form,50.27106325,14.72313195,20.9175937,8.912344946,15.53302304,18.99003296,10.46035917,9.125282335,10.68099603,9.614838113,3.328895237,3.541019373,46.7,13.3,7.5,13.4,26.9,8.9,9.8,10.1,3.4,3.8
AD20-066,p.form,33.91218157,10.13278088,13.25558691,5.984400634,11.30858548,12.7088366,6.376787602,5.965447665,7.646602601,6.51552985,2.635156224,2.927551064,32.2,9.6,5.8,9.4,18.1,6.2,6.3,7,2.7,3
AD20-067,p.form,40.91977248,13.82812028,17.63840653,7.838197006,14.00760469,14.48011349,7.511277249,8.641300633,9.04792372,8.199087277,3.421579432,3.30518,38,12.8,7.7,11.6,22,7.6,9.2,8.9,3.5,3.4
AD20-068,p.form,33.80574704,11.04262851,14.34878451,5.896090092,11.13356906,13.10331818,6.001844813,5.807768982,7.398331224,6.299679176,2.696286845,2.904260598,29.5,9.1,5.3,8.1,17.4,6.4,6.6,6.4,2.7,2.7
AD20-069,p.form,35.0932363,11.21563048,14.68794316,6.506723213,11.8092155,13.40916759,6.369865396,5.956355456,7.384167412,5.988938644,2.536306561,2.889749167,33.2,10.4,6,10.3,19.4,6.9,7.5,7.2,3.3,2.8
AD20-070,p.form,31.3508642,10.32589367,12.85528099,5.836086448,10.43910697,12.12808357,5.516546294,5.425098578,6.798781536,5.442591162,2.220226113,2.800494068,28.5,9.6,5.3,9,17.5,5.1,6.7,6.3,2.8,2.7
AD20-071,p.form,28.46873385,8.410591252,11.6289098,5.017880748,9.757641594,10.89199601,4.263925539,4.843985471,5.692011813,4.8481319,2.034154704,2.486818385,25.5,7.5,4.8,7.1,14.7,5.1,6.4,5.1,2.4,2.3
AD20-072,p.form,25.13486924,8.273356442,11.52834103,4.665668747,7.758808423,10.17317003,4.308486832,4.922701656,5.52185764,4.85815261,2.053737992,2.15124,24.2,7.6,4.4,7.1,15,3.9,5.4,5.5,2.3,2.5
AD20-073,p.form,33.47518354,11.15608688,14.90424749,6.275868886,10.9372916,12.4968758,6.193722478,6.574885444,7.035854527,6.316571855,2.687328316,2.687471073,31.7,10.6,5.9,10,18.5,5.8,8.5,7.2,3,2.8
AD20-074,p.form,28.34832443,9.264668278,12.4086824,5.14179501,9.521225652,10.66944581,4.738695208,5.504037423,6.015020322,5.460845943,2.272173058,2.498084917,26,8,5,9,16,4,6,6,3,2
AD20-075,p.form,25.27271351,8.444422766,10.71418041,4.549168021,9.129467597,8.855443531,4.623454801,4.992138752,5.474875062,4.855978122,2.077029934,2.17013,24,8,4,8,15,4,6,5,3,2
AD20-076,p.form,30.42680153,9.642269126,13.47697397,5.699842094,9.616106847,11.43439228,5.399732286,5.870811037,6.190121919,5.697057824,2.292070874,2.439609386,29,9,5,7,18,6,6,7,3,2
AD20-077,p.form,26.81917261,8.261041144,11.39683235,4.869453735,8.681667724,10.09314048,4.285092845,5.436941968,5.48054,4.910367916,2.370583974,2.25342,25,8,4,7,15,4,6,6,3,2
AD20-078,p.form,30.37500535,9.31764182,12.98045852,5.483812861,10.19013993,11.45755006,5.348370872,5.483007844,6.322923444,5.614345595,2.035230039,2.52137,29,9,5,9,16,5,7,7,3,2
AD20-079,p.form,19.63371468,6.347314132,8.541272912,3.46320524,6.786137893,7.348885582,3.115643799,3.863563105,4.558261663,4.044467703,1.593930939,1.817360885,19,6,3,5,11,3,5,4,2,2
AD20-080,p.form,35.25982018,13.12640354,15.96337506,6.689871909,10.57747127,13.02881443,6.652576526,6.893697862,7.568695676,6.832195384,2.565624567,3.018718031,34,8,6,10,20,7,7,7,3,2
AD20-081,p.form,34.21929642,12.54549216,15.44236746,6.62027,10.45831641,12.78476937,5.877617188,6.78414461,7.339066905,6.621181804,2.685043202,2.730744604,33,12,6,10,21,6,8,7,3,2
AD20-082,p.form,33.27518122,12.14377,14.87201034,6.314404121,10.804615,12.2880891,6.156775573,6.436819812,7.571966718,6.805985701,2.39628983,2.709353965,NA,NA,NA,NA,NA,NA,NA,NA,NA,NA
AD20-083,p.form,37.51622393,13.75317757,17.27875927,7.089548946,12.06947715,14.65078846,7.718629598,6.374453779,7.964673952,6.884826562,2.46252722,2.923691016,36.5,12.3,6.1,11.3,20.3,6.6,7.8,6.9,3.2,3.2
AD20-084,p.form,30.72609951,10.81252611,13.77447841,5.685751553,9.990909166,11.46466223,5.166252807,5.891557996,6.839697734,6.080897595,2.348672439,2.564221771,28.5,9.2,5.3,8.8,17.3,6.2,7.3,6.1,2.3,2.8
AD20-085,p.form,35.20133454,13.45942661,16.55499932,6.836635126,11.0867229,13.43909674,7.312427521,6.586897887,7.56408047,6.994346764,2.444708287,2.822547716,32.3,12.3,6.1,9.9,19.5,7.3,8.5,6.8,3.5,3.4
AD20-086,p.lat,38.67066519,12.88404934,16.07562698,6.661915599,13.35360308,12.83594989,9.116824158,6.272126689,8.132962978,7.042746854,2.459014642,2.757712569,34.7,11,6.7,10.2,17.2,8.9,7.4,8.6,2.9,2.7
AD20-087,p.lat,34.09519258,11.16033464,14.96948967,6.109891894,10.51850918,11.78950096,8.720478054,6.013856427,7.083725946,6.802339922,2.169464105,2.590286104,32.6,9.5,5.5,9.7,16.7,8.7,6.9,7.6,2.2,3.2
AD20-088,p.lat,35.49110728,12.95387299,14.87852203,6.268415737,11.05981674,11.3342657,9.834796807,6.082531812,7.464267616,6.561084085,2.594089592,2.20085495,32.4,11.7,5.6,9.3,17,9.8,7.8,7.9,2.3,2.9
AD20-089,p.form,36.49609033,11.84560617,16.439125,5.842673187,10.55011282,14.1471713,7.271203936,6.49921783,7.039105888,6.498281096,2.425836088,2.73504,31.9,9.6,4.6,7.4,20.1,6.9,8.7,7.5,2.7,3.3
AD20-090,p.form,34.775143,9.943357318,15.67287675,5.67726324,11.78820905,13.44232767,5.773857702,5.763153494,6.530917747,6.262176862,2.20084781,2.722771598,32.1,8.7,5.3,9,18.7,4.8,7.8,7.1,2.7,2.6
AD22-001,p.form,39.11131749,11.97212789,17.76674213,6.539264709,12.76327898,15.8736466,7.132817463,6.307070547,7.228841378,6.533957157,2.534054704,2.723904738,36.3,10,5.3,10.9,21.7,6.2,8.9,7,3.5,2.8
AD22-002,p.form,37.34328196,11.19576939,17.21840557,6.311371256,12.48571961,15.41444098,5.924512144,6.403683216,6.89827861,6.38483986,2.596006007,2.61408,35.3,9.2,5.6,9.8,22.8,6.1,8.4,7.4,2.8,2.8
AD22-003,p.form,35.33824644,11.03893599,16.32451438,5.832082115,12.12734029,12.36496154,6.24671928,7.568403776,7.266426274,7.008510809,1.781210757,2.686457869,34.5,9,4.6,10.9,20.4,6.1,8.2,6.3,2.8,3
AD22-004,p.form,36.92459026,11.34322236,17.40224906,6.526932818,11.91120187,13.16837941,6.000139543,8.45184121,7.824666923,7.653081406,2.759665408,2.923216346,36.3,9.6,6.2,9.2,21,7.1,8.3,7.6,3.3,2.5
AD22-005,p.form,32.38909874,9.753242746,15.19418816,5.450770701,10.85078909,11.70428329,5.264287041,7.211280498,6.933821972,6.905468462,1.64567999,2.63769223,32.3,7.2,5.2,10.2,18,4.2,7.3,6.6,1.7,2.6
AD22-006,p.form,40.8359089,12.32306509,18.61250766,6.393321207,12.81348581,16.07176957,7.53359448,7.423650104,7.100563652,6.506206094,3.455159207,2.605651455,37.4,10.7,5.5,10.2,23.6,7.2,10,8.7,3.5,2.4
AD22-007,p.form,39.15923989,12.09901599,17.75860353,6.379082498,12.55225072,14.46764109,6.786853342,7.512848166,7.269731731,7.04435829,2.890018166,2.79493431,35.4,10.6,6.3,10,21.4,6.1,8.9,7.2,3,2.5
AD22-008,p.form,39.70599418,12.15160059,18.28863081,6.218214408,13.52574771,14.49403172,7.161479637,8.101195584,7.554548372,7.086343898,2.7767424,2.710758279,37.5,9.8,6.1,10.9,21.3,5.5,8.4,6.7,3,2.7
AD22-009,p.form,48.63466334,16.21216472,20.94331248,9.584668391,16.77418611,15.65339331,9.4989417,10.69698166,10.2933356,10.1359461,2.632107685,3.544055866,46.7,14.1,8.8,14.1,26.8,9,11.3,9.5,3.4,3.2
AD22-010,p.form,41.71913276,14.78668593,19.25894817,7.633518771,13.45722077,16.03759056,7.361105337,7.918789778,8.267008543,7.565500869,2.713665405,2.888647899,39.3,13.2,6.6,11.8,23.6,7.8,10.1,7.9,3.1,3.1
AD22-011,p.form,40.52112805,12.96907198,18.08411333,7.001687379,12.74191627,15.00975438,7.397558554,8.630351593,7.715842956,7.274871483,3.248507736,2.719767277,38.9,11.2,6.2,11,23.5,7.2,9.9,6.8,2.9,3.1
AD22-012,p.form,31.11925811,8.822395139,13.99570688,5.098638289,10.53873948,9.811824614,5.235883635,7.067647296,6.431095159,6.439599052,1.97155013,2.382689342,30.2,7.3,4.8,9.1,17.6,6.5,7.4,6.1,2.5,2.9
AD22-013,p.form,47.50626333,15.99034205,21.20037311,8.321017086,15.51350353,19.07785759,8.735735529,7.183546429,8.818814408,7.606336645,3.759121588,3.204747049,44.2,13.8,7.8,13.2,24.7,9.1,9.8,8.5,3.1,3.5
AD22-014,p.form,34.47773694,9.921070458,15.74708775,5.211837254,11.51012004,11.1812481,6.384258798,7.912909374,7.508699919,7.438128574,2.183936418,2.685339792,32.5,9.1,4.9,9.5,19.3,6.1,8.2,6.6,2.9,2.8
AD22-015,p.form,34.26266742,10.03461174,15.20124738,5.874409196,10.75285064,12.53243771,6.453674343,6.648269961,6.741290998,6.267476743,2.058650092,2.603576778,34.2,9.6,5.2,11.9,18.8,6.2,8.2,7.2,2.3,2.5
AD22-016,p.form,38.98698561,11.89806217,18.46844281,6.095679037,12.78370691,14.59218191,5.723920149,8.034869345,7.657037686,7.525175741,2.614849662,2.939418362,36.2,9.7,5.9,10,22.2,4.4,8.2,6.9,3.4,3
AD22-017,p.form,34.31463735,10.86732782,15.15241316,5.968643773,11.67125917,12.73453026,6.319831567,6.350324928,6.981758685,6.569983309,1.892042988,2.747,33.3,9.1,5.3,10.7,19.4,5.8,7.9,6.7,2.4,3
AD22-018,p.form,31.31725309,9.756631767,14.22880707,5.509853185,11.31623317,11.71874649,5.811125949,6.00510242,6.271189029,5.935437052,1.644228317,2.5756,31.1,7.7,5.1,8.7,19.1,5.6,8.2,6.4,2.3,2.5
AD22-019,p.form,27.09044827,7.562835739,11.32896904,3.85207374,9.378541225,9.386945568,4.742057235,6.178796269,5.694313012,5.518120651,2.2444856,2.225239561,25.8,7,4.3,8.9,14.6,5.1,6.9,5.6,2,2.3
AD22-020,p.lat,40.27421265,13.59591519,17.9048554,7.224253747,12.75987204,10.15282047,10.5344867,10.78160418,10.28373127,10.26457456,2.439488714,3.067809985,40.5,12.2,6,11.8,20,10.3,8.3,7.8,3.3,3.1
AD22-021,p.lat,40.24231242,14.27536374,17.44399074,7.418731107,13.30977488,11.85304239,10.68074437,8.596310658,8.418288955,8.301441272,2.632107685,3.37881,40.1,13,6.7,12.6,20.8,10.8,8.5,7.7,3.2,3.2
AD22-022,p.lat,36.06973507,12.68880362,15.51190932,6.204270039,11.90611188,10.99982888,9.755669861,7.577970203,8.182008873,7.964874136,2.679742413,3.020096561,34.4,11.8,5.6,9.5,18.2,8.3,9,6.8,2.7,2.8
AD22-023,p.lat,38.4706403,14.47453837,16.96207334,7.142823903,11.36018217,10.13747047,9.254725604,9.762175894,9.844895667,9.861165615,3.082567282,3.105640402,35.7,11.4,6,11.1,18.8,7.5,7.3,8,2.7,2.9
AD22-024,p.lat,41.30397388,15.29961005,17.95991131,7.8678,12.86873341,12.35195757,11.18175122,8.617018761,9.621849734,9.278836752,2.224013977,3.497285633,39.2,13.8,7,11.5,19.6,11,9.4,8.8,2.4,3.2
AD22-025,p.lat,46.10447093,16.4280281,18.61738695,8.618823318,14.98577778,13.00210915,11.07181791,9.604353995,10.15475772,9.689867275,2.908077282,3.789029772,43.5,14.8,7.6,13.7,22.7,10.9,10.8,9.1,3.9,3.3
AD22-026,p.lat,34.6638832,12.40390559,15.13169161,6.135104338,10.97577307,12.14332563,8.942179106,6.245501522,7.838738439,7.164904332,2.482323821,3.005385318,31.5,11.3,5.4,9.5,17,6.7,7,7.2,3.2,2.7
AD22-027,p.form,47.52406312,16.63518872,20.98965705,9.659361871,14.785504,15.66801704,9.359055786,10.73194967,10.84592087,10.2016384,3.548113068,3.687006403,44.2,14.2,8.7,13.2,25,8.3,10,9,3.4,3.6
AD22-028,p.form,41.83219444,14.31520074,18.59599726,7.307599149,13.71119589,14.06978487,8.227065278,9.505425853,8.890160519,8.661406072,2.870555725,3.451475518,36.6,11.4,6,11.1,22.3,7.6,9,7.5,2.8,3.1
AD22-029,p.form,40.01631985,13.42320894,17.4829981,7.365979713,12.51536838,13.77785897,7.799777178,8.565984269,8.469899809,8.236585235,2.650816738,3.2883,37.6,10.7,6,10.3,21.1,7.5,9.6,7.9,3.2,3.1
AD22-030,p.form,41.42381202,14.38711782,18.10685845,7.380339894,13.02391836,13.62633718,7.249550171,9.020258492,9.18851,8.499382257,2.38314982,3.331385133,36.7,11.9,6.1,10.5,21.7,6.4,8.7,8,2.8,3.5
AD22-031,p.form,35.78676738,11.87954157,15.91332828,6.409677823,11.62659292,12.74463193,6.711436843,7.823568918,7.526620643,7.254258731,2.432705606,3.026310556,32.7,9.2,5.3,9.9,18.5,5.9,8.5,7.2,3,2.9
AD22-032,p.form,33.63650389,10.58235749,14.60533452,5.706023443,10.92210344,11.55811289,5.364681927,7.205942966,7.36808121,6.865198265,2.605063227,2.811668386,32.2,9,5.1,9,19,4.6,8.6,7.6,2.7,3
AD22-033,p.form,33.30543819,11.47553593,15.01068941,5.738494336,10.98186825,11.85471965,5.793432113,7.154305627,7.052600716,6.635161005,1.962568238,2.897121865,29.6,9.2,5,9.4,17.2,4.8,7.3,6.2,2.8,2.8
AD22-034,p.form,35.17689366,11.20038777,14.67179657,5.902227273,12.44609959,11.06365141,6.382635653,8.282515974,7.683118466,7.552691602,2.012100483,3.247043302,31.7,9.2,5.2,9.3,18.4,5.9,7.5,7,2.7,2.9
AD22-035,p.form,32.64792277,10.62081892,14.23920359,5.598693928,10.70491758,11.03893841,5.864770892,7.449485662,7.022811905,6.822599119,2.084064509,3.204391051,30.2,9.5,4.6,9.1,17.1,5.9,8,6.4,2.9,3
AD22-036,p.form,32.40878707,9.513028631,13.47244813,5.524512202,11.04767202,10.83664188,5.41004177,7.004272315,6.926126259,6.626243051,2.273909336,2.865944313,29,7.8,5.1,8.6,16.5,4.6,6.5,5.7,2.9,2.3
AD22-037,p.form,29.83187486,9.519507721,12.56687628,4.862539682,10.00041327,10.08100816,5.126735612,6.726544699,6.156889639,6.106411979,1.720247513,2.768913406,26.9,7.9,4,7.4,16,5,6.8,5.7,3,2.4
AD22-038,p.lat,32.29434493,11.46766844,14.18191545,5.959536938,11.22274769,9.856576469,7.31529329,7.576731599,8.066443229,7.802486579,1.720256213,2.791643985,29.5,9.2,4.9,9.1,15.6,7,7.3,7,2.5,2.7
AD22-039,p.lat,28.71229916,10.23305386,11.76617238,5.543124542,9.466030229,7.618106928,7.186581781,7.484561884,7.433743749,7.088255215,1.780243087,2.466523474,25.7,8.9,4.6,7.8,14.1,5.7,7.6,6.5,1.8,2.7
AD22-040,p.lat,33.4117192,12.11148197,14.40286849,6.700107048,10.95412661,12.17160614,7.815386276,5.887713416,8.003482316,7.078566597,1.795596723,2.727719848,30.8,10.5,6,8.5,16.1,8.8,8.2,7.1,2.7,2.9
AD22-041,p.lat,30.98618803,10.52320729,13.14487719,5.853391797,10.43041564,9.23717062,7.454072033,7.013243924,7.94353,7.521219552,1.756510288,2.91365,28.9,9.2,4.9,9.1,14.7,6.6,7.7,6.3,3,2.6
AD22-042,p.lat,30.88204339,11.02986257,13.39354322,5.856821242,9.89932031,9.17515502,6.915871454,7.362040133,7.573790112,7.60019123,1.520741713,2.543027965,28.3,8.9,5.2,9.3,14.7,6.9,6.9,5.9,2.8,2.9
AD22-043,p.lat,29.53449595,10.22968976,12.67072254,5.14419051,9.922115762,11.30560081,6.404256145,4.114700643,6.197672115,5.502331201,1.5847,2.516045471,26,8.3,4.2,8,14,7.1,6.2,5.9,2.6,2.8
AD22-044,p.lat,29.42832229,9.992456494,12.92598378,5.440857782,10.20432763,10.32565402,7.027072597,5.685489289,6.826674789,6.274482126,1.994273151,2.386965171,28.9,9.1,5,9.7,16.2,6.6,7.2,6.5,2.5,3.1
AD22-045,p.lat,28.6262337,9.933287521,12.11162894,5.540955729,9.732417011,9.538052786,6.702296105,5.445910475,6.635769406,5.855765,1.835242902,2.38085,27.3,9.4,5,8.7,14.8,6.1,7.4,6.6,2.4,2.5
AD22-046,p.lat,27.289085,9.381671493,12.29710145,5.013954926,8.553621923,9.363938488,6.115292307,5.210708973,6.274249597,5.908597126,1.574237593,2.408,25.9,9,4.4,7.3,14.1,6.9,6.6,7,2.2,2.3
AD22-047,p.lat,32.16067656,10.85780472,13.73921194,6.198759187,10.61205714,10.82252176,7.893504257,5.952503947,7.397238956,6.70820495,2.127654055,2.605080587,31.5,10.6,5.7,9.2,16.7,8.3,7.9,6.9,2.9,2.8
AD22-048,p.lat,28.74486589,10.43273802,12.12234486,5.548525779,9.570611637,8.580117273,7.146887487,6.351603333,6.583839725,6.231202079,2.539659147,2.523388549,28.1,9.6,5,8.5,14.9,5.7,7.3,6,2.1,2.7
AD22-049,p.lat,24.89874651,9.082428407,10.57860029,4.698920259,8.279017799,7.894101203,6.414175551,5.445366559,6.00685245,5.584292088,1.933787879,2.2194,24,8.4,4.5,7.9,13.7,6.1,6.5,5.6,2.2,2.4
AD22-050,p.lat,23.17824998,8.560150054,10.5861546,4.423252971,7.232081508,8.189783839,5.065559968,4.778407328,5.695328795,5.336435679,1.618799431,2.125474045,23,7,4.2,7,11.9,5.4,6.4,5.1,2.6,2.5
AD22-051,p.lat,28.0404181,9.689536423,11.25431584,5.512027783,9.083073369,8.43042866,7.588061967,5.610133551,6.309411233,5.880654897,1.96717303,2.348111768,27.5,8.8,4.8,7.8,14.2,7.2,6.9,5.9,2.4,2.2
AD22-052,p.lat,24.24711174,8.089094891,9.715900508,4.698006183,7.844273184,7.293188528,6.342411305,4.84385793,5.457169154,5.188425272,1.672016382,2.030279967,23.3,8,4.1,6.9,12,6.8,5.9,5.3,2.5,2
AD22-053,p.lat,38.49008905,14.64801183,15.04812987,7.902092001,12.18066213,9.873287832,13.11115072,7.585954867,8.977618673,8.091792678,2.411361109,3.427188067,37.4,13.9,7.5,11.5,17.4,13.3,9.4,7.7,3.3,3.2
AD22-054,p.lat,40.95315104,16.03427809,17.37281099,8.371242985,13.41254333,11.42561922,11.78555724,8.130962492,9.077875275,8.58207978,2.445003478,3.225423413,38.3,14.5,7.4,11.5,19.3,11,9.6,8.9,3.4,2.9
AD22-055,p.lat,40.67997343,16.54739683,17.25755451,8.027378329,13.71519206,11.18579572,11.30293431,8.582935178,9.720136949,9.093979779,2.138121134,3.042453107,37.9,14.6,7.1,11.8,19.6,11,9.4,8.6,2.9,2.9
AD22-056,p.lat,25.12061659,8.116334442,9.862837683,4.017010602,8.707924472,7.34408767,7.001161122,5.313133736,5.76632218,5.308828296,1.743675302,2.397347987,24.1,7.7,3.6,7.4,12.9,7,5.9,4.9,2.1,2.6
AD22-057,p.lat,36.25133812,14.18299361,15.93081725,6.96045,11.3482215,11.58421016,9.701796619,6.908830695,7.955611673,7.206290443,2.213975824,2.900047379,33.9,12.3,6.5,10.5,18,9.5,8.9,7.7,3.2,2.7
AD22-058,p.lat,38.72879733,15.19505055,16.92695833,7.473646125,11.75382929,11.60476042,10.53722901,7.720341394,8.763434258,7.902860728,2.587271177,3.140246088,37.3,13.3,7.5,10.7,19.8,10.6,8.5,8.2,3.2,2.8
AD22-059,p.lat,34.18557213,12.96031784,14.75493611,6.439519279,11.34733834,11.44305443,9.063750738,5.666817922,7.385143868,6.60292493,1.745870713,2.608461507,33.9,12.2,5.6,10.6,17.5,10,8.5,7.3,3,2.7
AD22-060,p.lat,38.96477963,14.15040216,16.34022589,7.289868573,12.08228424,12.99134541,9.958475614,6.625814525,8.308045953,7.259425537,2.423744636,2.910983962,37.3,12,6.6,12,18.5,9.9,8.8,7.9,3.3,2.6
AD22-061,p.lat,39.8875424,14.17601209,17.10640781,7.92480853,12.62985595,13.53213557,10.10373415,7.473825864,9.081434283,8.375126691,2.616181557,3.169726337,37.7,13.3,7,12.3,20.4,10.2,8.2,7.9,3.6,3.3
AD22-062,p.lat,38.57201875,15.11785709,16.71446554,7.313639346,12.0718939,12.13199919,10.82761785,7.093147389,8.67876851,8.052080787,2.575355269,2.882929982,36.8,12.9,6.5,10.7,18.9,10.3,8.3,7.6,3.2,2.8
AD22-063,p.lat,24.16298068,8.475940598,10.09905304,4.603446901,7.42283509,7.304671658,5.834999191,5.160725548,5.766599228,5.49315,1.524567063,2.410963644,22.8,7.8,4,6.2,12.5,5.9,5.9,5,2.5,2.5
AD22-064,p.lat,36.85964771,14.37771243,15.6378819,7.113653264,11.87233096,10.78206345,10.27005284,7.85873344,8.409473108,8.283514133,2.188453204,2.704160736,36.3,12.4,6.8,10.4,19.7,11,9.4,7.7,3.4,2.8
AD22-065,p.lat,36.2189911,14.16438883,15.83527908,7.001806804,11.31481348,10.55346885,9.455296266,8.231235812,8.547026539,8.221806924,2.4121085,2.868070143,35.8,13,6.5,10.6,18.9,9.8,8.5,7.7,3.1,2.7
AD22-066,p.lat,35.04884104,14.20364825,15.42271048,6.99965209,11.41680776,10.86490409,8.677244148,7.133694668,7.78554421,7.553524736,2.193644422,2.865729759,33.9,13,6.8,10.7,18.9,9.9,8.6,7,2.9,3
AD22-067,p.lat,26.84843864,9.511920492,11.26503569,5.190409017,8.610752486,7.252129234,7.473365407,6.400394347,6.533999544,6.353611486,2.020386343,2.376126949,26.7,8.5,4.5,8.6,14.2,7.5,6.2,5,2.6,2.6
AD22-068,p.lat,41.23853838,15.9476474,17.4184065,8.699791255,13.03816843,10.45409648,11.29312199,9.303298695,9.979958687,9.669754648,3.059612139,3.42894333,39,14.5,7.8,11.1,20.1,11.9,10.4,8.7,3.7,3.3
AD22-069,p.lat,36.01971736,13.07805705,14.9210405,6.523416525,12.54934112,9.28815094,9.966576347,7.674559534,8.163952749,7.820077464,2.19347563,2.638407342,33.5,12.3,6,10.1,17.2,10.9,8.7,7.4,3,2.4
AD22-070,p.lat,31.12107323,10.26669246,12.45744674,5.918483307,10.50203058,7.983374547,7.627171858,7.535756494,7.26663251,7.094685051,2.610930156,2.7157638,29.4,9.7,4.7,9.7,14.9,8.4,7.4,6.5,2.7,2.7
AD22-071,p.lat,32.15676585,10.58479544,13.42303551,6.10429817,11.55590437,8.491373201,8.192114307,7.563826204,7.416732658,7.383769821,2.14607698,2.98463137,30.6,9.1,3.5,10.1,15.4,9.5,7.3,6.6,2.8,2.8
AD22-072,p.lat,43.5501106,16.19951399,17.74725978,8.458412347,15.04324446,11.20238375,13.14076518,9.404738629,9.483761988,9.208166928,2.414270189,3.277375712,42.2,15.2,7.8,14.2,20.3,13,10.2,8.8,2.6,3.2
AD22-073,p.lat,30.42535519,9.999047143,12.51832529,5.974930045,10.28619428,8.173251702,7.876427234,7.501164548,7.009026868,6.970246125,2.305123328,2.883289909,29.2,8.8,5.3,9.6,16.3,8.8,7.7,6.5,2.8,2.7
AD22-074,p.lat,30.71596438,9.284390875,11.71199073,5.664925834,10.89396117,7.459998747,7.777204461,7.885510752,7.026114261,7.033887827,2.979988129,2.64996059,28.8,8.9,5.1,9,15.4,7.6,7,6.3,3.2,3.2
AD22-075,p.form,45.39798231,14.612387,19.77814604,8.664168356,14.21145885,16.89446806,7.809956536,8.519012027,9.260756318,8.623674573,3.413994962,3.942018627,44.2,13.2,8,13.1,25.9,8.8,9.8,8.9,3.9,3.7
AD22-076,p.form,45.3281785,15.26687179,20.03777437,8.363212361,15.5917772,17.32868698,9.354273113,7.420587989,8.714160725,8.112445192,2.863441021,3.16030962,44.7,13,8.1,14,24.2,9.5,9,8.3,3.7,3.3
AD22-089,p.lat,20.89241062,6.425387603,7.620595437,3.613927621,7.144425193,6.049792798,4.58714213,4.068628507,4.708729651,4.296388161,1.447484377,1.818312253,19.7,5.6,3.2,5.9,10.1,5.3,5.6,4,1.7,1.9
AD22-090,p.lat,28.29827298,9.273811522,11.38263155,5.279065547,8.959654944,8.555520226,7.757604636,5.645799244,6.406754816,5.969249365,1.909276496,2.348778494,26.5,9,4.9,7.8,14.5,8.6,6.8,5.8,2.7,2.2
AD22-091,p.lat,27.78088707,9.251100488,10.8698879,5.485551636,9.581611167,8.160942783,6.806275714,5.542002607,6.302057655,5.707219282,1.764675311,2.291573579,25.7,7.4,4.5,7.1,13.1,7.4,6.5,6.1,2.8,2.2
AD22-092,p.lat,25.05727309,7.85794342,9.530056713,4.468781853,8.027882303,7.393127102,6.238877277,5.206443003,5.529052293,5.125102737,1.74155,2.128267979,22.8,7.6,3.9,6.4,11.5,5.7,6.1,5.2,1.8,2.5
AD22-093,p.lat,28.40537981,9.399786551,11.38729667,5.596675875,9.132243385,7.43385957,6.739362587,6.579125129,6.58338,6.383725019,2.215604131,2.449692715,25.2,8.6,4.4,7.5,12.9,7,6.5,5.9,2.4,2.7
AD22-094,p.lat,25.1967135,8.216251521,9.781031665,4.502761329,8.461258646,6.901840711,6.343049306,5.753586519,5.779030605,5.508004634,1.745290246,2.068249966,23.1,7.2,4.1,7,12.5,6.7,6.3,4.9,2,1.8
AD22-095,p.lat,26.21887128,8.782893844,9.799551647,4.838546912,9.48321751,6.841366736,6.747602576,5.596512244,5.896850768,5.525322773,1.543044514,2.261546052,23.9,7.9,3.8,7.1,12.2,7.4,7,5.2,2.4,2.1
AD22-096,p.lat,26.76072,8.317631137,10.05741931,5.145874828,9.90443341,6.704547444,6.066092904,6.188036615,5.846435,5.880655883,1.94208,2.314065078,24.5,7.5,4.6,7.7,11.9,6.6,6.7,5.1,2.4,2.3
AD22-097,p.lat,23.17858234,7.144213994,8.965792226,3.575019251,8.044877757,6.847568056,4.806557567,5.054629721,5.228622231,4.635476997,1.491397785,1.905856712,20.8,6.6,3.5,5.4,11.1,5.9,5.4,4.4,1.8,2
AD22-098,p.lat,29.697261,10.45662,11.86233143,5.404565084,8.984663148,8.068331891,6.550011312,7.040114102,6.906734717,6.510575831,2.11418,2.388458835,27.7,9,4.7,8,14.8,7,7.9,6,2.7,2.3
AD22-099,p.lat,22.47869705,5.507264659,10.17426028,3.764271757,7.762292954,9.136401476,2.357234342,4.757924099,4.888807166,4.480167303,1.567912351,1.885164953,20.8,6,3,6.6,11.4,6,5.5,4.4,1.8,1.9
AD22-101,p.lat,35.17828957,12.13918143,14.43228246,6.471562607,12.07615933,9.961668643,8.22102355,7.627335771,8.07981002,7.521942727,1.764478178,3.138603661,30.7,10.5,5.2,9.1,17,7.5,9.7,7.8,2.6,3.3
AD23-001,p.lat,35.80010633,11.74213643,15.48253334,6.348001152,12.12263071,11.60953848,8.119331069,7.648774769,7.8117297,7.560175072,1.85267716,3.122757739,33.4,10.3,5.5,9.9,17.9,7.6,8.4,6.5,2.7,2.8
AD23-002,p.lat,34.13485424,10.90724086,14.57340367,6.107445249,11.14898828,8.562504165,8.562504165,8.921164205,8.367043748,8.306214819,1.740742919,2.822362094,33.2,9.6,5.7,9.1,16.7,10.1,9.1,7.4,2.6,2.8
AD23-003,p.lat,43.11824098,15.70154078,18.33382873,8.465779112,13.80152989,12.54903391,11.46937709,9.469562109,9.69638646,8.808193236,2.418291129,3.39512,42.9,14.7,7.9,13.6,22.3,11.5,10.6,8.9,3.3,3.6
AD23-004,p.lat,32.79959442,10.63246874,13.82047369,5.860343462,10.39564192,12.53636289,8.10378622,4.705060014,7.041771917,6.07348638,2.1967225,2.879589889,32.4,9.5,5.2,9.6,17.4,8.6,8.1,7,2.8,3
AD23-005,p.lat,34.7275784,13.13356412,15.35085708,6.417891986,11.19687003,10.25148587,8.505614764,7.774183693,8.043871569,7.940786026,1.761844273,2.823866423,34.6,13,6.2,10.4,17.2,9.8,9.3,7.9,3.2,2.9
AD23-006,p.lat,31.72790222,11.29263472,14.0975966,5.917074487,9.896092079,11.03319847,7.523338361,5.831955216,7.084151457,6.801686188,1.912542312,2.793139647,31.4,10.5,5.5,9,16.8,7.6,8.7,7.3,3.1,2.7
AD23-007,p.lat,30.83470805,10.05171822,13.36732731,5.263621822,10.35755932,10.48550711,7.23665494,5.055676541,6.612851006,6.096830019,1.393052131,2.705231863,30.8,9,4.9,9.1,15.7,8,7.5,6.6,3,2.6
AD23-008,p.lat,33.77966651,11.6548873,14.60870861,6.454635038,10.78896031,11.85811876,8.136797622,5.948119463,7.347594894,6.630295915,1.843104765,2.880965927,33.7,11,5.9,9.8,16.6,7.4,8.2,7.3,2.9,2.9
AD23-013,p.lat,57.01581261,23.7271339,25.77281894,11.88693023,17.10520817,20.12215974,15.36270695,9.187856728,12.12400764,10.42321959,3.612180465,4.12422255,55.5,21.7,11.5,15.4,28.9,14.5,12.6,12.6,5,4.6
AD23-014,p.lat,36.10852238,14.08652234,16.14558765,7.151810892,11.15281889,12.24622124,9.264012902,6.3625684,7.933242821,7.215941515,2.197666806,3.134293767,34.4,11.9,6,9.7,19.1,9.7,9.1,8,2.3,3.4
AD23-015,p.lat,40.22238532,16.03346165,16.59220408,8.001934051,13.4273412,11.84052505,11.37717676,6.927012907,9.112322032,7.905206137,2.243163851,3.251819202,34.8,15.3,7.5,10.9,18.9,11.4,9.4,8.8,2.9,3.7
AD23-016,p.lat,41.07336078,16.35300904,17.9233145,8.416018576,13.64722793,13.70611927,10.17480355,7.167950324,9.247529787,8.127438039,2.300794674,3.352530871,40.4,15,8.1,11.9,20.3,11.6,9.5,8.9,3,3.4
AD23-017,p.lat,39.15818259,14.57299621,16.80792805,8.207069113,12.06025977,12.78541767,9.453019429,7.272842723,8.850719062,8.03750452,2.252157439,3.20682,37.4,13.4,7.8,8.9,19.2,9.3,8.8,8.6,3,3.6
AD23-018,p.lat,41.18807508,15.68733951,18.38312717,8.158947179,13.4522907,14.26882595,10.28718837,6.732448499,9.020432584,7.704493051,2.412810999,3.293534977,40.2,14.8,7.5,12.6,21.4,10.2,9.5,8.9,3.3,3.5
AD23-019,p.lat,43.20115843,17.99000062,19.10609462,8.794119845,14.19172713,14.19413167,11.80656071,7.043462667,9.697000473,8.370442479,2.433172115,3.201296627,40.9,16,8,11.6,23,11.5,10.4,10.1,3.2,3.6
AD23-020,p.lat,43.69918848,18.66603915,20.20113779,8.767057833,13.5126166,15.74274591,11.08350154,7.584379481,9.716801818,8.525663562,2.822130619,3.415495949,41.7,17.5,7.9,11.6,22.9,10.2,9.8,9.5,3.2,3.7
AD23-021,p.lat,41.17665303,16.18682366,18.10754972,8.230985258,12.93958929,14.09579421,10.69629984,6.906211853,9.188817006,7.759932783,2.329549787,3.252176918,39.4,14,7.8,10.8,20.5,10.5,10,9.1,3.2,3.9
AD23-022,p.lat,32.8441905,12.5298444,13.74637526,6.62497583,11.65004393,10.70983263,7.773759042,5.771276022,7.832324423,6.910025409,1.996620147,2.874835397,31.4,11.1,6.5,9.4,17,8.9,8.6,7.8,2.7,3
AD23-023,p.lat,38.40188218,14.26743405,16.32844097,7.280252268,12.29146679,12.35687968,9.579002451,7.03796848,8.804935092,7.820438057,2.454995863,3.336567671,36.4,12.5,6.9,10.5,19.4,10.3,9.8,8.7,3.2,3.6
AD23-024,p.lat,43.35521412,17.12831605,18.76106315,8.640908515,13.07705046,15.01298416,11.64249922,6.358832611,9.550885351,7.989504397,2.757712569,3.375484339,42.5,15.4,8.4,12.6,21,12.7,10.8,9.6,2.9,3.3
AD23-025,p.lat,37.13313075,14.62165105,15.95036365,7.325074327,12.15717088,10.77087477,9.38246626,7.821232671,8.717802629,8.493830455,2.18528565,2.989193959,36.4,14.2,7.2,10.2,18.7,10,8.9,8.4,2.6,3.8
AD23-026,p.lat,43.28630986,17.22217156,19.14170108,8.057443737,13.9718484,13.34046659,10.9702531,8.598008552,9.498519657,8.930385919,2.751532981,3.325216934,42.6,16.4,8,11.4,22.6,11.4,10.7,9.4,3.8,3.6
AD23-027,p.lat,38.52664804,15.15893655,17.36339447,7.060123324,13.18711002,10.83374578,8.958892937,9.042549906,9.305040767,8.977208119,2.548916736,3.15183711,36.5,13.5,7,11,19.5,9.5,9.7,8.5,3.1,3.5
AD23-028,p.lat,36.27388457,13.57388635,15.2663,7.276862745,12.53151363,9.784411723,9.778141913,7.878913393,8.67421962,8.255969733,2.126870508,3.053738193,35.8,11.9,7.4,11.5,18.7,10.3,9.6,8.9,3,3.6
AD23-029,p.lat,44.37711211,18.23159847,20.04522801,8.578078588,13.8555536,12.89960694,11.33460549,9.472992454,10.50834915,9.981733164,3.08251366,3.495803422,42.5,16.8,7.9,11.6,22.8,11.6,10.5,9.8,3.5,3.6
AD23-030,p.lat,35.04181456,13.70374558,15.46811947,6.779273391,11.76132413,9.89153122,8.908212947,7.985118193,8.586214297,8.243092426,2.284125924,3.02288,34.4,11.5,7,10.8,18.8,9.2,9.2,8.5,2.8,3.4
AD23-031,p.lat,57.53552106,22.74108251,24.50842555,12.18358254,19.03463951,16.31179143,15.2218073,12.18322087,13.1836974,12.28395501,3.57309158,3.769336263,56.4,22.5,11.5,16.5,28.7,15.5,13.9,13.8,4.3,4.7
AD23-032,p.lat,37.87958398,15.30954521,17.15326746,7.30722799,12.2866584,11.34825428,9.208070039,7.959015337,8.773704848,8.255898383,1.772359533,2.857843875,37.5,14,7.4,10.3,19.6,11.4,8.9,8.4,2.8,3.6
AD23-033,p.lat,55.62936128,23.22488998,23.72379242,11.35588005,17.79275817,15.93716978,16.15245344,10.61142313,12.86534803,12.10816402,3.6020283,4.065931199,53.5,21.5,10.8,16,26.6,16.3,11.6,11.5,3.9,4.5
AD23-034,p.lat,36.06164803,14.74751429,16.37291255,7.63087072,11.03138499,10.93822056,9.818919349,8.096308399,9.034174917,8.517013474,2.4213022,3.129218758,35.5,13.5,8.2,9.1,19.5,9.9,9.1,8.7,3,3.4
AD23-035,p.lat,33.97596485,12.4330019,14.31293549,6.587919068,11.5104632,10.3231169,8.83757527,7.011216652,8.33216994,7.468506712,2.092584813,2.796546159,34.1,12,6.6,10.4,18,9,8.4,8.1,3.2,3.7
AD23-036,p.lat,39.92013337,15.02826064,17.44097923,7.981475676,12.6539828,12.09464123,9.405678594,8.3631247,9.41282184,8.926034697,2.737946193,3.369346109,40.2,14.1,8.3,11.1,22,11.4,10.5,9.4,3.4,3.9
AD23-039,p.form,37.62589845,12.47822285,17.04059141,6.851896286,12.93339157,14.21952826,6.36400968,6.947240009,7.612083189,7.1903133,2.305454531,3.068515091,35.3,10.9,6.5,10,21.1,7.4,8.6,7.4,3.3,3.2
AD23-041,p.form,42.71904036,14.25925067,19.67241406,8.371204505,13.9748958,15.01871164,8.826726847,8.674300911,8.988166438,8.765321043,2.806006209,3.658052889,41.1,12.5,7.5,10.2,23.9,9.2,10.5,9.3,3.3,3.8
AD23-044,p.form,32.34688,10.37296904,14.54081175,5.720914983,10.80083684,11.23689235,5.874752946,6.50543069,6.704319094,6.56777573,1.982536183,2.708127298,31,9.6,5.5,8.9,18.2,5.9,6.6,6.5,2.9,3
AD23-046,p.form,49.08905589,18.47954747,23.06911397,9.174405878,16.69705362,19.69333764,9.447022709,7.510514573,9.459026315,8.28486022,2.246962204,3.631401601,45.5,14.5,8.5,14.5,26.7,9.8,10.8,10,3.2,3.8
AD23-047,p.form,43.89753868,16.68536897,19.29296707,8.238380704,15.63681742,13.61678115,8.733578885,9.066453838,9.214029118,9.053544658,2.418634156,3.425124782,37.5,11.5,6.6,11.7,20.3,8.2,8.8,7.5,3,3.2
AD23-048,p.form,38.3851784,13.8552478,17.33637377,6.838533851,12.94130801,12.95771193,7.21576626,8.44622531,8.389405362,7.764959601,2.687447476,3.297997752,33.4,10.2,5.8,9.5,19,6.8,8.1,7.1,3.1,2.6
AD23-049,p.form,35.74779974,12.58549118,15.61474993,6.377880099,12.06753055,11.5669538,7.185618953,8.057091586,7.961855294,7.666565275,2.25864413,3.125170948,32.5,9.9,5.5,9.9,18.8,6.8,7.7,7.3,3,2.8
AD23-050,p.form,37.75111617,13.39894087,16.83586793,6.952544036,12.88900394,11.99000453,7.141746544,8.753754759,8.439172595,8.374797457,2.289325815,3.308128365,33.9,10.3,6.5,10,20.5,6.8,8.6,7.4,2.9,2.9
AD23-051,p.form,42.39520915,14.48613416,19.90197177,8.159570122,13.80497005,14.49680454,7.063429165,9.50461793,9.582343657,8.983247413,2.491504551,3.524282662,37.8,11.5,7.1,11.5,22.2,7.1,8.5,8,3.1,3.6
AD23-054,p.form,29.73392082,10.37126943,13.44248023,5.172153424,8.999625184,9.944469605,5.331991394,7.189314157,6.9207014,6.812974917,1.906271342,2.972986728,27.5,8.4,4.5,7.5,16.2,6.1,7.9,6.5,2.6,2.7
AD23-055,p.form,29.25583721,10.08482151,13.14418248,5.115778528,9.116724286,9.401061279,4.809959611,7.215821095,6.839112099,6.686627335,1.861696631,3.083989854,26.5,8.4,4.3,7.5,15.9,5.5,7.5,6.2,2.3,2.7
AD23-056,p.form,32.36858432,11.45915498,14.40604386,5.630818522,9.738266605,12.27144409,5.436147565,6.507319951,7.053586771,6.220973933,2.445168583,3.048456808,30.4,9.9,5.4,8.5,18.6,5.4,8,6.5,2.7,2.8
AD23-057,p.form,32.77637466,11.29385194,14.81667583,5.719641478,10.66981062,10.86030347,4.719877549,7.718231288,7.446351251,7.164537899,2.708225843,2.852055417,29.4,9.5,4.8,8.6,17.1,5.5,8.4,6.6,2.5,2.6
AD23-058,p.form,31.28422964,10.85665168,13.80422989,5.705370416,9.644443923,10.57394856,5.400807351,7.672197438,7.177180014,6.895197164,2.507812724,2.999076337,27.7,9.1,4.8,7.2,17.1,5.6,8.1,6.9,2.4,2.6
AD23-059,p.form,34.34755889,11.20099924,14.85546859,6.114109862,10.43637726,12.05549613,6.230839926,7.386641637,7.778934337,6.942624963,2.331389205,3.185466064,31.2,9.4,5.4,8.5,17.5,6.6,8.7,7.4,2.5,3.4
AD23-060,p.form,28.95220471,10.36652646,13.30458521,5.137809555,8.464840205,10.29784492,5.550731664,6.739412511,6.911111377,6.41107865,2.035192795,2.874722566,26.9,9.5,4.5,7.9,16.5,6.2,7.5,6.2,2.2,2.6
AD23-061,p.form,31.36542329,9.639382363,13.20131277,5.534769871,10.22603078,9.835950909,6.585786852,7.896016095,7.423288011,7.084453251,2.204445925,3.002961992,28.9,8.4,5.1,8.9,16.6,5.6,7.8,6.6,2.7,2.7
AD23-062,p.form,30.77394042,9.588203494,14.0299147,5.259094785,9.452411206,10.34569317,6.174649361,7.790162527,7.086201038,7.082904638,2.253380391,3.11904,29,8.3,4.5,8,16.8,6.6,7.9,6.5,2,2.8
AD23-063,p.form,28.07640578,9.179105882,12.427,4.9708,9.230824676,10.92909203,5.12736825,4.871772015,5.901830042,5.159762975,1.825052733,2.688321434,25.8,8,4.4,6.6,15.3,5.1,6.7,6.1,2,2.4
AD23-064,p.form,27.68142925,8.499996343,12.19412467,5.191334881,8.789078157,10.38426103,5.109569072,5.460925535,6.280417294,5.536632328,1.68675787,2.85047476,26.5,7.4,4.6,7.4,15.7,5.4,6.8,6,2.2,3
AD23-065,p.form,32.67313682,10.55010787,14.07881857,5.781067493,10.54476415,11.36154402,5.208452234,7.638076042,7.584938379,6.956143392,2.032301189,3.526319981,29.2,7.4,5.1,8.1,17.1,7.5,7.8,6.5,2.6,3
AD23-066,p.form,41.34548134,14.63214742,18.86687603,7.637092397,13.91018385,12.76925844,7.404898369,10.79154656,10.00048119,10.37706334,2.714018795,3.48281957,38,11.9,6.6,11.5,22.1,7.8,10.3,8.5,2.5,3.5
AD23-067,p.form,34.53907664,11.77103296,15.89212532,6.536075705,11.43709894,13.25792094,6.092707044,6.011942495,7.351570619,6.541628949,1.91371597,2.938,33.1,9.8,6.3,10.1,19,7.1,8.6,7.5,1.9,2.9
AD23-068,p.form,35.86204331,12.95957098,16.02424472,6.911806918,12.14878827,14.05613098,6.391634088,6.398814108,7.741852891,6.800711949,2.565404412,2.977129603,34.9,10.9,6.3,10.3,20.7,7.5,9.1,7.4,3,3
AD23-069,p.form,38.91673682,15.44158096,18.56271549,7.540310586,11.79037596,14.30961253,7.396850521,8.469617944,8.649471015,8.252974318,2.974765039,3.904202041,38.1,12.1,6.9,10.6,22.6,7.1,9.7,8.2,3.4,3.5
AD23-070,p.form,33.6600842,11.52433118,15.23612579,6.094041178,10.97776463,11.85391344,5.894952703,7.321797386,7.380991601,7.097937812,2.433962435,2.614785228,32.1,9.5,5.5,9.1,18.5,6.1,8,6.7,2.8,2.5
AD23-071,p.form,34.54632692,11.60058619,15.50646472,5.994354678,11.77482399,11.93161448,5.640801362,7.841699816,7.772963399,7.59672561,3.356731744,3.009055666,33.4,11.1,5.3,11,20.3,7.1,8.6,8,2.7,2.7
AD23-072,p.form,32.74149753,12.18257912,15.14680731,6.21979694,9.971127252,11.8170336,6.517668802,7.150454332,7.661131841,6.964583848,2.788085628,3.207970516,32.8,11,5.7,9.6,18.7,6.4,8.8,7.1,2.7,3
AD23-073,p.form,40.65709971,14.63038987,18.69406809,7.989440089,13.20516215,14.3697546,8.0195563,8.072698077,8.759895384,8.158426251,3.137636863,3.493356811,40.7,12.4,7.5,12.5,23.4,8.5,9.9,9,3.4,3.6
AD23-074,p.form,32.04349748,11.05020938,14.51467134,5.863316825,10.36607706,11.49430118,5.668226978,6.908810509,7.415339908,6.98955193,2.631448301,3.011086746,31.4,9.4,5.4,9.8,18.2,6.3,9,6.8,2.7,2.8
AD23-075,p.form,30.78461962,10.80438467,13.84357166,5.767188399,9.895130129,10.47036513,5.784356282,6.635156567,6.826061128,6.505702288,2.579632798,2.91903804,30.7,10.1,5.4,9.5,17.6,6.4,8.4,7,2.3,3
AD23-076,p.form,36.92529008,12.87390862,17.6222994,7.142252827,11.3549497,14.5443209,6.610916754,6.982407146,7.952553139,7.256708883,2.372778396,3.282866134,36.8,11.2,6.5,10.5,21.9,7.3,9.4,8.2,2,3.1
AD23-077,p.form,42.05074022,15.65635016,19.2121869,8.480464518,13.63077082,15.3154332,8.531361529,7.828211625,9.066472726,8.334652498,2.954694602,3.565655352,40.5,13.8,7.9,11.5,23.1,9.1,11,9.3,2.9,3.3
AD23-078,p.form,37.08290687,12.72005646,16.83313025,7.106825514,11.99729129,13.76688006,7.172802264,6.976563054,7.990210252,7.343963833,2.674457146,3.146205399,35,10.8,6.6,10.5,20.6,7.2,9.6,8.1,2.7,3
AD23-079,p.form,36.77201118,12.77797042,16.64696686,6.733302734,11.51272275,13.1385338,7.097437372,7.469144726,7.860070935,7.364203433,2.236017488,3.21024,35.2,11.2,6.3,10.5,20.2,6.7,8.2,7.6,2.6,3.1
AD23-080,p.form,29.70789396,10.30164827,13.25379693,5.603763311,9.743997928,10.44566432,5.371958674,6.18726596,6.52575,6.17196235,2.446032412,2.855486747,29,9.1,5.3,8.4,15.9,5.7,7.8,6.3,2.2,2.6
AD23-081,p.form,40.2948,13.53543383,18.75191146,7.600348818,13.01561766,16.07591649,7.505978866,7.108733599,8.498550126,7.814770447,2.659903845,3.45384,38.4,12.1,6.6,10.9,23,7.1,9.5,8.3,2.7,2.9
AD23-084,p.form,35.75322946,10.66316823,14.55311027,6.902776366,11.10455002,12.06675197,7.338042859,7.267501243,7.631161158,7.059844001,2.671828786,2.938543219,33.6,9.2,6.1,10.5,19,6.9,9,7.9,3,3
AD23-085,p.form,27.66684097,8.0765,11.41119553,5.070612414,8.407241093,9.98662323,5.582310022,5.214721934,5.734733614,5.324013924,1.75896508,2.400921994,26.6,6.7,4.4,7.4,15.1,6.3,6.8,5.5,2.3,2.3
AD23-086,p.form,34.77162157,11.27110394,14.78046991,6.842090905,11.48343891,11.61937604,6.659056744,7.85538335,8.122611681,7.758903802,2.856838554,3.091217146,33,10.1,5.9,9.7,18.8,7.5,10.2,8.3,2.8,2.9
AD23-087,p.form,31.31969551,9.695789191,12.977456,6.092659084,9.767790141,8.434385715,7.021783223,9.082955159,7.370404206,7.411007208,2.827942889,2.768558655,31.4,8.6,5.8,10.1,16.9,6.2,9,6.6,2.9,3
AD23-088,p.form,40.24570763,12.23990883,16.8018,7.651990127,14.0749978,12.61879422,7.901338864,8.774144554,8.587002391,8.567553742,2.542081592,2.985889778,38.3,11.1,6.7,11.7,21.8,8.3,9.5,8.7,2.8,3.1
AD23-089,p.form,34.33525952,10.74843931,15.05442029,6.692138482,10.52238629,11.54717516,7.040554167,7.616312032,7.926988118,7.66463709,2.392121624,2.76324262,33.9,9.7,6.1,9.4,19,7.7,9,7.6,2.7,2.7
AD23-090,p.form,31.00965623,9.939450047,13.15636008,5.901689139,9.697676463,9.403359854,6.024416203,7.961190505,7.48568,7.24289217,2.181498151,2.680842429,30.3,9.2,5.5,9.3,17.2,6.2,7.8,6.7,2.7,2.7
AD23-091,p.form,28.26771116,8.399578582,11.93381028,5.202284237,9.477786964,9.185665694,4.811956839,6.504128001,6.181299376,6.09345036,1.807601144,2.41736,27.6,7.3,4.6,8.1,15.8,5.8,7.1,5.6,2.3,2.5
AD23-092,p.form,31.32419745,9.336213705,12.53354699,5.939905597,10.67947935,10.79012692,5.913776759,5.503315323,6.429767525,5.835734105,1.84641301,2.571034816,29.7,8.6,5.2,9.6,16.5,6.4,7.6,6.6,2.4,2.8
AD23-093,p.form,27.78795063,8.272539989,11.35969219,5.237048335,9.056458361,7.013071222,5.306781635,7.875785854,6.651935167,6.8112215,2.038474405,2.583436987,28,7.7,4.7,8.5,14.9,5.6,7.5,6.1,2.3,2.6
AD23-094,p.form,34.52986844,10.49531902,14.37284453,6.624216619,11.7988724,10.11782629,6.617767836,8.545601738,7.781103778,7.811059327,2.427086383,2.943126155,34.1,9.7,6.1,11.6,19,7.4,9.2,7.1,2.3,2.7
AD23-095,p.form,32.61372927,9.590428835,13.14268521,6.140510592,11.30807259,9.79259011,5.976433747,7.671580892,7.021301917,6.829101136,2.034980625,2.633608746,32.2,8.6,5.6,10.4,17.6,6.4,8.2,7.2,2.3,2.8
AD23-096,p.form,26.75962729,8.003910254,10.84097834,5.053474944,8.561166067,7.944379496,5.103766737,6.739820032,6.219483695,6.16848956,1.942695859,2.281246337,26.8,7.6,4.7,7.6,15.4,5.5,6.8,5.5,2.7,2.8
AD23-097,p.form,31.07359114,9.43035333,12.43771898,5.785762375,9.996702665,8.643546326,6.019911408,7.879492655,7.142041936,7.136779509,2.017931717,2.509470809,30.5,9,5.5,9.1,16.5,6.5,8.1,6.6,2.8,2.9
AD23-098,p.form,31.29668671,9.649066515,12.92518246,6.059363292,10.44837258,10.37731904,5.821046614,6.767559259,6.697714411,6.444889594,2.338955192,2.792561432,31.4,8.5,5.3,9.6,17,7.5,8.5,6.4,2.9,3
AD23-099,p.form,34.76895921,10.50933991,15.19957453,6.491661135,11.0726764,10.39005633,6.70579699,8.645222985,7.634394413,7.681027273,2.476789119,2.821302958,34.1,9.7,6.5,10.7,18.8,7.1,8.5,7.4,2.6,3
AD23-100,p.form,28.57998769,8.322011878,11.64241155,5.179394427,9.659302793,9.655866675,5.395805762,6.238758254,5.958882979,5.7728443,2.053004094,2.556006792,27.4,7.3,4.5,8.1,15.6,6,6.6,5.5,2.3,2.7
AD23-101,p.form,29.86402159,9.401404332,12.7863334,5.802675827,10.17621692,12.55291838,5.596940875,3.954630659,6.4288017,5.31989725,1.710434942,2.444984321,29.2,7.9,5.5,8.5,16.5,6.9,8,6.6,2.4,3
AD23-102,p.form,52.64651032,20.13208657,23.94631539,10.72507478,16.5740688,17.99299552,11.48095142,11.36790958,11.19225615,10.65529413,3.367585138,3.810684092,51.3,19.3,10,15,28.9,12.4,12.2,11.7,3.5,3.9
AD23-103,p.form,51.94686938,16.45181692,21.76704513,10.20548786,17.22095514,16.2527583,10.57418784,11.91633001,11.22932792,10.97194095,3.498503657,3.70082674,51.1,15.3,9.2,16,29.1,11,13.8,10.5,3.8,4
AD23-104,p.form,50.55514207,17.27121274,22.66726787,9.948645117,16.67245667,18.54308405,10.36617643,9.694458201,10.31176803,9.764094891,2.767407342,3.539723128,50.1,15.8,9.4,15.6,29.4,11.5,10.8,10.1,3.6,3.9
AD23-105,p.form,49.43665459,17.46958153,22.03323331,10.22478367,15.89837154,17.26250855,10.26006143,10.29446926,10.62323457,10.22158689,3.317398657,3.744608141,48.7,15.9,9.1,15.1,27.6,10.3,12.9,10.4,3.6,3.8
AD23-106,p.form,43.22090634,15.84172913,18.99833705,8.268476022,14.63886715,15.43732179,8.803872022,8.12317697,9.052860361,8.450508314,2.55747052,3.225013864,43.2,15,7.9,13.6,24.5,9,10.6,9.2,2.8,3.5
AD23-107,p.form,41.9060997,15.47267612,18.74387716,8.270607438,13.52105338,15.70911991,8.424090686,7.75192646,8.912563357,8.232425136,2.598351618,3.1978,41.4,14.8,7.5,12.6,24.7,9.5,10.3,9.4,3.2,3.4
AD23-108,p.form,56.61837022,19.50405166,24.86318033,10.05928372,17.73310737,18.7253443,10.64132512,12.20180767,12.12539717,11.17516693,3.842367922,4.1721386,51.5,17.9,9.4,16.7,29.6,9,13.5,11.3,3.4,4
AD23-109,p.form,43.3941337,14.48217329,18.26040575,7.607647365,14.03755028,15.18557272,8.671236012,8.567706484,8.768382791,7.982814787,2.526339968,3.637679197,38.5,12.4,6.8,11.8,21.9,8.2,11,8.3,2.6,3.3
AD23-110,p.form,36.53977446,11.99323499,15.36635841,7.10448,10.37772973,12.3869616,7.368872211,7.599392128,7.823442215,7.233157291,2.222071567,3.143677876,34.1,11,6.2,9.4,18.9,7.4,8.6,7.3,2.5,2.8
AD23-111,p.form,40.75590978,14.18434297,18.13790852,7.796562986,13.59651298,15.03851736,7.636220814,8.420683811,8.516212491,7.6088683,3.047281621,2.8357368,38.5,12.5,7.2,11.1,23.2,7.9,10.4,8.6,3.2,3
AD23-112,p.form,42.35499813,15.12605221,19.19282036,8.104089233,13.5329462,16.06048173,7.868459473,7.964192642,8.845215231,7.745254848,2.457340772,3.395906989,38,12.2,7,10.8,22.8,7.5,8.7,7.9,3,3.5
AD23-113,p.form,37.70395712,12.36770837,16.05141741,6.431568903,12.41527888,13.6373733,7.363364936,6.914393207,7.478788353,6.741663387,2.232542966,3.086767854,33,10.3,5.5,10.1,18.7,6.9,8.4,7.3,2.6,3.1
AD23-114,p.form,23.26668524,7.167140319,10.01082053,3.898877789,7.978464851,8.871258496,3.758972107,4.384151094,4.806402855,4.376276247,1.266552793,2.195816656,22.1,6.5,3.5,6.3,12.7,4.7,5.8,4.7,1.7,2.4
AD23-115,p.form,31.54416434,9.967240173,12.96308514,5.2762,10.74659183,11.95392929,5.540886269,5.096788126,6.295236856,5.535525553,2.194372614,2.529291501,29.1,9.4,4.2,9.2,17,5.4,7.8,6.1,2.5,2.7
AD23-116,p.form,38.16551113,13.25426595,16.37161405,6.589833741,12.57525312,13.22360547,7.037906582,7.988589418,8.381,7.935668466,2.39782936,3.010597768,35.1,11.2,6.3,9.5,20.7,7.5,9,7.6,2.6,3
AD23-117,p.form,38.01578388,12.95080297,16.47378545,6.59448,13.34478837,12.38366951,7.712073796,8.550852952,8.174346924,7.975286867,2.504576702,3.055441424,31.8,10.9,5.7,9.6,19.5,6.8,8.5,6.6,2.5,3
AD23-118,p.form,35.0400344,12.16098525,15.71921284,6.291960632,10.02668205,12.41503175,6.845792621,7.494574676,7.673056004,7.162859516,1.939409577,2.637440414,31.5,9.1,6.5,9.2,18.7,6.5,8.5,7.5,2.5,3.2
AD23-119,p.form,32.43362502,10.60949868,13.84491222,5.505605208,11.29899,10.59138418,5.754993587,7.173940057,6.82497433,6.729872019,1.747952929,2.75264,29,9.4,4.5,9,15.7,5.4,7.4,6.8,2.2,2.6
AD23-120,p.lat,39.23967237,14.43480121,16.71805608,6.086084051,12.91704316,12.11515463,8.709250682,8.52665894,9.301046748,8.389309447,2.478160164,3.356238895,35.4,11.3,6.1,10.4,29.4,8.7,8.7,8.2,2.7,3.3
AD23-121,p.lat,38.51570738,14.63446605,16.90308563,7.031738535,11.77722104,11.32374913,10.40890004,8.637065419,9.157313283,8.498721354,2.018049962,3.131213084,36.4,12.1,6.5,10.1,19.8,9.6,8.3,8.8,2.5,3.5
AD23-122,p.lat,42.17920164,15.98485,17.7738106,7.744008737,13.25264942,12.67222328,10.87174125,9.046058623,10.03154606,9.553209189,3.344134522,3.990604921,38.5,13.5,6.6,10.9,20.4,10.5,10.1,8.9,2.5,3.6
AD23-123,p.lat,38.93610176,12.56374524,15.81763717,6.835484194,12.19306296,11.26725993,9.089926594,9.183724264,8.990296949,8.726403383,2.574641109,3.211201457,35.5,10.5,6.2,10.3,19.1,9,9.4,8.1,2.8,3.2
AD23-124,p.lat,37.12870423,13.37196124,15.69258374,7.298935938,10.88270578,10.03995,9.170277626,9.650094675,9.435095201,9.069260929,2.29660887,3.520817873,35.2,11.7,6.5,9.8,19.1,8.5,9.6,8.4,3.3,3.6
AD23-125,p.lat,42.06833398,14.69050108,18.08749351,8.333150108,13.1578965,13.48052103,10.19718786,9.121968892,9.866009022,9.461287544,2.832988223,3.72725788,39.3,12.9,7.2,11.2,21.7,9.5,9.5,8.6,2.4,3.9
AD23-126,p.lat,37.76917552,14.49544054,17.33809227,6.167321466,11.09800993,13.41871305,8.453719511,7.245171956,8.84034,7.8941099,1.529806657,3.615407767,36.4,13.5,6.4,10.5,19.8,9,8.8,8.1,2.6,3.7
AD23-127,p.lat,35.73739736,13.62288384,16.11044906,6.031022121,10.54148829,11.70774687,8.158568511,7.655743864,7.906865901,7.300927808,2.041174969,3.1251,34,12.4,6.2,9.2,19.3,8.1,8.9,7.5,2.6,3.3
AD23-128,p.lat,38.75528792,15.32152518,17.66681371,7.659372403,11.80316476,11.36931289,9.506826206,8.837778769,9.414349663,9.073725595,2.093804501,3.3235,37,13.5,7.4,10.1,19.8,8.8,9.5,8.4,3,3.5
AD23-129,p.lat,35.46463496,11.9683014,15.23842076,5.796290969,10.76929827,12.44529573,7.742001852,6.647283684,7.716752796,6.74389481,2.410408326,2.893925525,34.1,10.4,5.4,9.8,18.9,8.1,9.1,8,2.8,3.3
AD23-130,p.lat,37.1112833,13.58888677,16.53312839,6.35258478,11.12592217,12.74862641,8.385739133,6.133401366,7.793721642,7.140641475,1.852214049,2.992553627,37.6,12.4,6.5,10,19.2,9.2,8.1,7.8,2.5,3.3
AD23-131,p.lat,37.23334425,12.17770258,15.76541308,6.13228203,11.49313024,13.50547581,9.204072703,6.405950654,8.527327014,7.453822436,2.398410542,3.2686,35.5,11.6,6.4,10.5,19.5,8.8,8.8,7.8,3,3.8
AD23-132,p.lat,35.73354614,13.43257834,15.7671205,6.500697918,11.20259396,11.86565287,8.134530029,6.91110294,7.429574949,7.059516145,2.404831204,3.179709762,36.1,11.5,6.7,10.7,19.4,8.7,9.7,8.5,2.9,3.7
AD23-133,p.lat,36.32056255,13.71554804,16.85702703,6.01894239,10.9927947,13.16411041,8.859521325,6.310187812,7.957628297,7.275393212,2.105107907,3.163304022,35.3,13.4,6.4,9.6,19,9.3,8.4,8,3,3.7
AD23-134,p.lat,34.5238822,12.35583316,14.90878609,6.669952283,10.81637325,12.0802399,8.320249635,6.127051541,7.647690945,6.803183434,1.863497251,3.07328,34.5,11.7,6.5,10.2,19.1,9,8.6,8,2.7,3.2
AD23-135,p.lat,32.91251282,12.53772155,15.28027012,6.330507871,9.453447618,11.61780383,7.52609467,6.138792657,7.146064116,6.743665635,1.889792998,3.02508,31.5,11.5,5.5,9.1,18.8,8,8.3,7.2,2.7,3.1
AD23-136,p.lat,32.54502188,10.69941743,13.67476755,5.902128534,10.0922358,10.92211683,7.789212258,6.015616653,7.403386395,6.803518087,1.89266771,2.907977381,32,9,5.5,9.2,17.5,8.1,8.1,7,2.6,3.1
AD23-137,p.lat,34.612891,12.32053074,15.5230344,6.473196395,10.11184274,12.72241502,8.089568901,6.137731034,7.460621225,6.771755404,2.002365102,3.174198964,33.2,11.6,5.4,9.6,19,8.1,8.4,7.5,2.8,3
AD23-138,p.lat,34.183664,13.34434796,14.67726904,5.618345232,9.686275326,11.55995167,8.324257447,6.771464216,7.54435636,6.807363512,2.179006201,3.078608014,32.5,12.3,5.5,9.4,17.8,8.4,8.5,7.4,2.5,3.3
AD23-139,p.lat,35.19619981,11.17482755,14.2866796,6.330012708,11.02134929,11.29522489,8.843230809,6.592545041,8.246163996,7.368969391,2.235970511,2.994898359,33.6,10,6.1,9.6,18.3,9.5,8.4,8.2,2.9,3.5
AD23-140,p.lat,36.86946077,13.95944242,16.62814099,6.944809508,11.68493547,12.83571256,7.973513401,6.558722747,8.089754616,7.443839368,2.464917124,3.064613226,35.6,11.5,6.5,10.7,19.4,9.1,9.5,9.1,3.1,3.1
AD23-141,p.lat,33.44609765,11.85118343,14.02429497,6.576866624,11.39466659,10.59476401,8.201269524,6.305851334,7.910350353,7.085361151,2.388938435,3.065637103,32.4,11.4,5.5,11.2,16.5,8.6,8.4,7.7,3.1,2.9
AD23-142,p.lat,36.42024611,14.4831013,15.89263979,6.432881677,10.9611639,11.31255441,8.837586095,7.279030789,7.968478316,7.217640774,2.522943975,3.065928711,35.4,13.5,4.5,10.4,19.1,9.5,9.6,8.1,3.1,3
AD23-143,p.lat,36.54584556,13.45491526,15.8275371,6.570403449,11.57432746,11.87401172,8.689625206,6.745228445,7.435353157,7.063426017,2.254206574,2.977639956,33.9,11.6,5.7,10.7,18.5,8.7,8.1,7.5,2.7,2.9
AD23-144,p.lat,34.63788595,13.24231244,15.53277945,6.497539426,10.88457597,11.67983416,8.067749238,6.765550996,7.757927099,7.174452157,2.272340372,3.167201998,33.7,11.5,6.2,10.5,18.5,8.7,8.5,7.7,3.2,3
AD23-145,p.lat,30.02853846,10.97370283,13.50869099,5.567562717,9.280759161,10.29129585,7.173132273,5.546334756,6.434143114,6.011522518,1.63622743,2.616142813,28.8,9.5,5,8.8,15.5,7.5,7.9,6.5,2.3,2.7
AD23-146,p.lat,35.13177017,13.34418184,15.85348926,6.475125029,10.9719058,12.13033568,8.886954378,6.399382675,7.820362956,7.24234716,2.069641747,3.174982927,33.7,12,6.3,10.7,18.6,9,8.4,8.2,2.4,3.4
AD23-147,p.lat,40.41546202,15.092035,18.21611561,7.770680617,12.71665401,13.90782479,8.851395271,7.786552591,8.703005946,8.152394986,3.011035453,3.648445285,38,13.8,6.9,11.4,21.6,10.4,8.5,7.8,3.4,3.6
AD23-148,p.lat,41.43065023,15.10078793,18.22981153,7.649896443,12.71973664,13.07423683,9.574808095,8.271256112,8.466018156,8.210501636,3.238135809,3.454918516,39.3,13.6,7.1,12,20.7,10.4,9.9,8.4,3.3,3.5
AD23-149,p.lat,28.94571028,10.68185608,12.8774681,5.214801949,9.104407374,10.05052616,6.640712978,5.551146395,6.492801074,6.136278993,2.001178606,2.652230015,28.6,9.3,4.5,7.8,15.6,7.9,7.1,6.7,2.2,2.6
AD23-150,p.lat,33.94101808,11.82700312,14.61368855,5.86543368,10.84826261,10.25583087,8.516130944,7.221880854,7.605170893,7.415535255,2.075507077,2.778466585,33.2,10.2,5.1,9.7,17.5,8.9,8.3,7.1,2.6,3.1
AD23-151,p.lat,32.46120765,12.04552668,14.74151562,5.978921286,10.40766659,10.14232961,6.889152802,7.658800899,7.668308789,7.40357235,2.242407537,3.08756723,32.3,10.1,5.3,9.5,18.2,7,8.5,7.4,3,3.2
AD23-152,p.lat,38.31624923,16.10863741,17.08919466,6.58365563,11.48920904,11.46657716,8.720292894,8.448386341,8.472070067,8.16821504,2.700278387,3.427938692,38,14.2,6.5,10.7,20.4,8,9.2,8.4,3.4,3.4
AD23-153,p.lat,37.06278802,13.39888873,16.80197497,6.257743633,11.07345014,11.95678062,8.018842826,8.153936713,8.397297658,8.152580012,2.369692986,3.094549533,36.4,10.4,5.3,9.9,19.9,8.7,9.8,8.2,2.6,3.4
AD23-154,p.lat,36.59333731,13.92584513,16.38048706,6.056152502,11.38102555,11.50445779,8.079161183,7.958176576,8.394673953,8.039403009,2.949508685,2.9170399,35,12.8,6.5,10.5,19.9,8.4,8.5,7.6,3.2,3.1
AD23-155,p.lat,35.97286756,12.26619785,15.84802851,6.845810147,11.09964425,10.50394751,8.240687027,8.513624946,8.379470025,8.339090824,2.410532473,3.261560265,34.9,11.3,6.4,10.4,18.9,9.1,8.2,7.6,3.5,3.5
AD23-156,p.lat,36.79249408,13.62951152,16.65671497,6.436408256,11.61502281,10.57254493,8.061492131,8.379973545,8.327555961,8.48041954,2.19921811,3.03870214,36.3,11.2,5,11.2,19.2,8.3,8.9,7.5,2.8,3.3
AD23-157,p.lat,31.41477399,11.30125041,13.38124562,5.765721319,9.937966821,9.902475111,7.77282316,6.279932551,7.107262674,6.643492495,2.191600734,2.75982367,30.5,10.3,5.1,9,17.5,8,8,6.5,2.6,2.9
AD23-158,p.lat,29.14177614,10.5807285,13.33876087,5.397003556,8.424899708,9.742858832,7.019070309,6.200059165,6.694376761,6.550173276,1.733515811,2.654468811,29,10.7,5,7.7,16.5,7.3,7.5,6.3,2.2,2.7
AD23-159,p.lat,30.47674964,10.23260063,13.17757409,5.726263065,9.850424371,8.960133797,6.752362715,7.072469432,7.099331328,7.059884172,1.85687244,2.486397561,29.2,9,4.9,8.8,16.2,7.9,7.5,6.6,2.5,2.6
AD23-160,p.mex,28.73835294,9.309284835,13.36391253,4.834837457,9.242059892,12.39016029,3.294595566,5.444029525,6.184154962,5.692731392,2.218229086,2.474915819,28,8.2,4.3,8,17.7,3.5,7.4,5.7,2.3,2.6
AD23-161,p.mex,32.36680698,11.19947003,15.55845161,6.094251813,10.26627922,15.36611156,3.591398739,4.56386397,6.643612719,5.384070598,2.267511916,2.550807558,31.5,9.4,5.4,9.6,20.3,4.4,6.6,6.6,2.6,3
AD23-162,p.mex,35.99303856,12.43393069,17.66865617,5.931548446,11.78671088,15.13195616,3.951289995,6.635355613,6.675153477,6.378011078,2.208902311,2.911949573,35.5,10.6,5.4,11,21.8,4,7.1,5.7,2.6,2.8
AD23-163,p.mex,33.75152035,10.2794067,15.25236484,5.871324813,10.9560411,16.49796598,3.72129288,4.126924883,7.075865129,6.018101563,2.382305734,2.913903837,33.1,8.8,5.4,10.2,20.5,4.2,7,6.8,3,3
AD23-164,p.mex,36.19359566,12.00999792,17.83656755,6.50783661,12.01817328,17.69382311,3.782917497,5.016363941,7.307032044,6.197479123,2.245650171,2.976359301,35.8,9.5,5.5,11.4,22.9,4.3,7.8,7.3,2.8,3.2
AD23-165,p.mex,31.92316581,10.98336346,14.65858504,5.747798013,10.67622177,11.6913172,3.511113058,7.355397075,6.86431274,6.841133124,2.178632521,2.646260825,31.7,8.9,5,10.5,19.4,4.4,7,6.4,2.6,2.7
AD23-166,p.mex,32.42937601,10.89115638,15.22523152,5.461827479,10.4180839,13.18989548,3.322390586,7.154613561,6.812288434,6.566886286,2.133665358,2.764449096,32.3,10.1,4.9,9.5,10.4,4,7.7,6.4,3,3
AD23-167,p.mex,30.45628301,9.885652446,14.30656317,5.27936123,9.936685184,11.97971779,3.243558122,6.575876662,6.351800366,6.170448942,2.049101034,2.602526274,29.9,8.7,4.7,8.9,18.1,4,7,6,2.8,2.7
AD23-168,p.mex,33.45025238,11.46065317,15.4875571,6.209730358,11.017508,13.31779466,4.106904022,6.978765591,6.95933211,6.533006043,2.420221508,2.825822571,33.6,9.5,5.1,10.6,20.5,4.4,7.3,5.9,2.6,2.8
AD23-170,p.mex,40.85371223,13.03846079,18.91183994,7.259204131,13.3568935,17.40184273,5.176124005,7.108814204,8.28317315,7.390101321,2.593222982,3.241495463,38.4,10.1,6.4,11.5,24,5,8.5,7.4,3.5,3.5
AD23-171,p.mex,39.88544397,13.64764422,18.97136045,7.279685261,13.21534047,16.47204084,3.813254058,8.620309022,8.502903925,7.777804692,3.332789652,3.230134358,39,11.4,6.6,12.5,24.3,5.5,9.1,7.7,3.5,3.3
AD23-172,p.mex,33.39226717,11.26309337,15.44937557,5.613399831,10.06783902,12.40379164,4.42641279,8.00608859,7.163096185,7.202290406,2.363174098,2.722646955,30.8,8.4,4.6,8.6,19.5,4.4,7.5,6.5,2.7,2.8
AD23-173,p.mex,31.30771322,9.725862819,14.41850914,5.2816954,10.31497743,11.98972366,4.0043705,7.055369912,6.468761543,6.466250291,2.106582319,2.631962381,29.6,7.4,4.1,9.1,18,4,7.1,5.4,2.5,2.7
AD23-175,p.mex,32.65886086,11.19578739,15.17518908,6.041058533,10.839878,12.18178079,4.145333728,7.623707445,7.265742104,7.125242617,2.227162331,2.629335471,30.4,8.8,5.4,9.7,18.5,4,7.1,6.3,2.8,2.9
AD23-189,p.mex,42.66693822,15.07969749,22.0298217,7.032519628,12.94730366,18.45481172,4.562564816,8.274708144,8.53856487,8.109756661,2.538336804,3.029698906,41.5,12,6.5,12.5,26.5,3.9,8.9,7.8,2.6,3.2
AD23-190,p.mex,44.0653687,16.8553341,21.8732771,7.74584771,14.02309448,17.01498743,5.116283528,9.713158919,9.533664071,9.042306074,2.691210602,3.460792719,41.3,13.2,6.8,12.5,26.5,5.4,8.5,8.1,2.6,3.5
AD23-191,p.mex,40.54628989,15.09876787,19.80018354,6.598222357,12.81414885,16.85105114,4.708587149,7.281164048,8.078725342,7.349889749,2.737282496,3.123293402,38.5,13.2,5.5,11.1,23.6,5.2,8.1,8,2.7,3.3
AD23-192,p.mex,37.69588704,13.43878332,17.91197775,6.422166409,11.58221334,13.37340493,4.423949473,9.199784614,8.474528391,8.417213227,3.015450355,3.077743507,36.8,11.3,6.5,11.5,23.1,3.9,8.3,7.2,2.7,3.1
AD23-193,p.mex,38.67865166,14.63869327,18.91117642,6.835899285,12.78375372,14.91061322,5.262195211,8.079018848,8.343369528,7.663065262,2.235168223,3.234329983,35.2,9.6,6.5,10.9,21.3,6,8.6,7.3,2.5,3.1
AD23-194,p.mex,37.09367097,13.82647061,18.18842094,6.053152567,11.85509158,15.77464956,5.21238258,7.119569661,7.430604842,6.624919936,2.58439774,2.941310647,36.4,11.2,5.4,12,23.8,4.4,8.2,7.8,2.7,3
AD23-195,p.mex,44.77742318,15.44244898,20.79971504,7.835411462,14.37740475,16.29407992,5.257129841,10.80131941,10.04066697,9.851482825,3.433433689,3.724501903,43.2,13.9,7.2,14,27.1,5.8,9.8,8.6,3.4,3.6
